Available native events and hardware information.
--------------------------------------------------------------------------------
PAPI version             : 7.3.0.0
Operating system         : Linux 5.14.0-687.22.1.el9_8.aarch64
Vendor string and code   : ARM_ARM (65, 0x41)
Model string and code    : Arm Neoverse V2 (0, 0x0)
CPU revision             : 0.000000
CPUID                    : Family/Model/Stepping 8/3407/0, 0x08/0xd4f/0x00
CPU Max MHz              : 3402
CPU Min MHz              : 81
Total cores              : 72
SMT threads per core     : 1
Cores per socket         : 72
Sockets                  : 1
Cores per NUMA region    : 8
NUMA regions             : 9
Running in a VM          : no
Number Hardware Counters : 6
Max Multiplex Counters   : 384
Fast counter read (rdpmc): no
--------------------------------------------------------------------------------

===============================================================================
 Native Events in Component: perf_event
===============================================================================
| perf::PERF_COUNT_HW_CPU_CYCLES                                               |
|            PERF_COUNT_HW_CPU_CYCLES                                          |
|     :u=0                                                                     |
|            monitor at user level                                             |
|     :k=0                                                                     |
|            monitor at kernel level                                           |
|     :h=0                                                                     |
|            monitor at hypervisor level                                       |
|     :period=0                                                                |
|            sampling period                                                   |
|     :freq=0                                                                  |
|            sampling frequency (Hz)                                           |
|     :precise=0                                                               |
|            precise event sampling                                            |
|     :excl=0                                                                  |
|            exclusive access                                                  |
|     :mg=0                                                                    |
|            monitor guest execution                                           |
|     :mh=0                                                                    |
|            monitor host execution                                            |
|     :cpu=0                                                                   |
|            CPU to program                                                    |
|     :pinned=0                                                                |
|            pin event to counters                                             |
--------------------------------------------------------------------------------
| perf::CYCLES                                                                 |
|            PERF_COUNT_HW_CPU_CYCLES                                          |
|     :u=0                                                                     |
|            monitor at user level                                             |
|     :k=0                                                                     |
|            monitor at kernel level                                           |
|     :h=0                                                                     |
|            monitor at hypervisor level                                       |
|     :period=0                                                                |
|            sampling period                                                   |
|     :freq=0                                                                  |
|            sampling frequency (Hz)                                           |
|     :precise=0                                                               |
|            precise event sampling                                            |
|     :excl=0                                                                  |
|            exclusive access                                                  |
|     :mg=0                                                                    |
|            monitor guest execution                                           |
|     :mh=0                                                                    |
|            monitor host execution                                            |
|     :cpu=0                                                                   |
|            CPU to program                                                    |
|     :pinned=0                                                                |
|            pin event to counters                                             |
--------------------------------------------------------------------------------
| perf::CPU-CYCLES                                                             |
|            PERF_COUNT_HW_CPU_CYCLES                                          |
|     :u=0                                                                     |
|            monitor at user level                                             |
|     :k=0                                                                     |
|            monitor at kernel level                                           |
|     :h=0                                                                     |
|            monitor at hypervisor level                                       |
|     :period=0                                                                |
|            sampling period                                                   |
|     :freq=0                                                                  |
|            sampling frequency (Hz)                                           |
|     :precise=0                                                               |
|            precise event sampling                                            |
|     :excl=0                                                                  |
|            exclusive access                                                  |
|     :mg=0                                                                    |
|            monitor guest execution                                           |
|     :mh=0                                                                    |
|            monitor host execution                                            |
|     :cpu=0                                                                   |
|            CPU to program                                                    |
|     :pinned=0                                                                |
|            pin event to counters                                             |
--------------------------------------------------------------------------------
| perf::PERF_COUNT_HW_INSTRUCTIONS                                             |
|            PERF_COUNT_HW_INSTRUCTIONS                                        |
|     :u=0                                                                     |
|            monitor at user level                                             |
|     :k=0                                                                     |
|            monitor at kernel level                                           |
|     :h=0                                                                     |
|            monitor at hypervisor level                                       |
|     :period=0                                                                |
|            sampling period                                                   |
|     :freq=0                                                                  |
|            sampling frequency (Hz)                                           |
|     :precise=0                                                               |
|            precise event sampling                                            |
|     :excl=0                                                                  |
|            exclusive access                                                  |
|     :mg=0                                                                    |
|            monitor guest execution                                           |
|     :mh=0                                                                    |
|            monitor host execution                                            |
|     :cpu=0                                                                   |
|            CPU to program                                                    |
|     :pinned=0                                                                |
|            pin event to counters                                             |
--------------------------------------------------------------------------------
| perf::INSTRUCTIONS                                                           |
|            PERF_COUNT_HW_INSTRUCTIONS                                        |
|     :u=0                                                                     |
|            monitor at user level                                             |
|     :k=0                                                                     |
|            monitor at kernel level                                           |
|     :h=0                                                                     |
|            monitor at hypervisor level                                       |
|     :period=0                                                                |
|            sampling period                                                   |
|     :freq=0                                                                  |
|            sampling frequency (Hz)                                           |
|     :precise=0                                                               |
|            precise event sampling                                            |
|     :excl=0                                                                  |
|            exclusive access                                                  |
|     :mg=0                                                                    |
|            monitor guest execution                                           |
|     :mh=0                                                                    |
|            monitor host execution                                            |
|     :cpu=0                                                                   |
|            CPU to program                                                    |
|     :pinned=0                                                                |
|            pin event to counters                                             |
--------------------------------------------------------------------------------
| perf::PERF_COUNT_HW_CACHE_REFERENCES                                         |
|            PERF_COUNT_HW_CACHE_REFERENCES                                    |
|     :u=0                                                                     |
|            monitor at user level                                             |
|     :k=0                                                                     |
|            monitor at kernel level                                           |
|     :h=0                                                                     |
|            monitor at hypervisor level                                       |
|     :period=0                                                                |
|            sampling period                                                   |
|     :freq=0                                                                  |
|            sampling frequency (Hz)                                           |
|     :precise=0                                                               |
|            precise event sampling                                            |
|     :excl=0                                                                  |
|            exclusive access                                                  |
|     :mg=0                                                                    |
|            monitor guest execution                                           |
|     :mh=0                                                                    |
|            monitor host execution                                            |
|     :cpu=0                                                                   |
|            CPU to program                                                    |
|     :pinned=0                                                                |
|            pin event to counters                                             |
--------------------------------------------------------------------------------
| perf::CACHE-REFERENCES                                                       |
|            PERF_COUNT_HW_CACHE_REFERENCES                                    |
|     :u=0                                                                     |
|            monitor at user level                                             |
|     :k=0                                                                     |
|            monitor at kernel level                                           |
|     :h=0                                                                     |
|            monitor at hypervisor level                                       |
|     :period=0                                                                |
|            sampling period                                                   |
|     :freq=0                                                                  |
|            sampling frequency (Hz)                                           |
|     :precise=0                                                               |
|            precise event sampling                                            |
|     :excl=0                                                                  |
|            exclusive access                                                  |
|     :mg=0                                                                    |
|            monitor guest execution                                           |
|     :mh=0                                                                    |
|            monitor host execution                                            |
|     :cpu=0                                                                   |
|            CPU to program                                                    |
|     :pinned=0                                                                |
|            pin event to counters                                             |
--------------------------------------------------------------------------------
| perf::PERF_COUNT_HW_CACHE_MISSES                                             |
|            PERF_COUNT_HW_CACHE_MISSES                                        |
|     :u=0                                                                     |
|            monitor at user level                                             |
|     :k=0                                                                     |
|            monitor at kernel level                                           |
|     :h=0                                                                     |
|            monitor at hypervisor level                                       |
|     :period=0                                                                |
|            sampling period                                                   |
|     :freq=0                                                                  |
|            sampling frequency (Hz)                                           |
|     :precise=0                                                               |
|            precise event sampling                                            |
|     :excl=0                                                                  |
|            exclusive access                                                  |
|     :mg=0                                                                    |
|            monitor guest execution                                           |
|     :mh=0                                                                    |
|            monitor host execution                                            |
|     :cpu=0                                                                   |
|            CPU to program                                                    |
|     :pinned=0                                                                |
|            pin event to counters                                             |
--------------------------------------------------------------------------------
| perf::CACHE-MISSES                                                           |
|            PERF_COUNT_HW_CACHE_MISSES                                        |
|     :u=0                                                                     |
|            monitor at user level                                             |
|     :k=0                                                                     |
|            monitor at kernel level                                           |
|     :h=0                                                                     |
|            monitor at hypervisor level                                       |
|     :period=0                                                                |
|            sampling period                                                   |
|     :freq=0                                                                  |
|            sampling frequency (Hz)                                           |
|     :precise=0                                                               |
|            precise event sampling                                            |
|     :excl=0                                                                  |
|            exclusive access                                                  |
|     :mg=0                                                                    |
|            monitor guest execution                                           |
|     :mh=0                                                                    |
|            monitor host execution                                            |
|     :cpu=0                                                                   |
|            CPU to program                                                    |
|     :pinned=0                                                                |
|            pin event to counters                                             |
--------------------------------------------------------------------------------
| perf::PERF_COUNT_HW_BRANCH_INSTRUCTIONS                                      |
|            PERF_COUNT_HW_BRANCH_INSTRUCTIONS                                 |
|     :u=0                                                                     |
|            monitor at user level                                             |
|     :k=0                                                                     |
|            monitor at kernel level                                           |
|     :h=0                                                                     |
|            monitor at hypervisor level                                       |
|     :period=0                                                                |
|            sampling period                                                   |
|     :freq=0                                                                  |
|            sampling frequency (Hz)                                           |
|     :precise=0                                                               |
|            precise event sampling                                            |
|     :excl=0                                                                  |
|            exclusive access                                                  |
|     :mg=0                                                                    |
|            monitor guest execution                                           |
|     :mh=0                                                                    |
|            monitor host execution                                            |
|     :cpu=0                                                                   |
|            CPU to program                                                    |
|     :pinned=0                                                                |
|            pin event to counters                                             |
--------------------------------------------------------------------------------
| perf::BRANCH-INSTRUCTIONS                                                    |
|            PERF_COUNT_HW_BRANCH_INSTRUCTIONS                                 |
|     :u=0                                                                     |
|            monitor at user level                                             |
|     :k=0                                                                     |
|            monitor at kernel level                                           |
|     :h=0                                                                     |
|            monitor at hypervisor level                                       |
|     :period=0                                                                |
|            sampling period                                                   |
|     :freq=0                                                                  |
|            sampling frequency (Hz)                                           |
|     :precise=0                                                               |
|            precise event sampling                                            |
|     :excl=0                                                                  |
|            exclusive access                                                  |
|     :mg=0                                                                    |
|            monitor guest execution                                           |
|     :mh=0                                                                    |
|            monitor host execution                                            |
|     :cpu=0                                                                   |
|            CPU to program                                                    |
|     :pinned=0                                                                |
|            pin event to counters                                             |
--------------------------------------------------------------------------------
| perf::BRANCHES                                                               |
|            PERF_COUNT_HW_BRANCH_INSTRUCTIONS                                 |
|     :u=0                                                                     |
|            monitor at user level                                             |
|     :k=0                                                                     |
|            monitor at kernel level                                           |
|     :h=0                                                                     |
|            monitor at hypervisor level                                       |
|     :period=0                                                                |
|            sampling period                                                   |
|     :freq=0                                                                  |
|            sampling frequency (Hz)                                           |
|     :precise=0                                                               |
|            precise event sampling                                            |
|     :excl=0                                                                  |
|            exclusive access                                                  |
|     :mg=0                                                                    |
|            monitor guest execution                                           |
|     :mh=0                                                                    |
|            monitor host execution                                            |
|     :cpu=0                                                                   |
|            CPU to program                                                    |
|     :pinned=0                                                                |
|            pin event to counters                                             |
--------------------------------------------------------------------------------
| perf::PERF_COUNT_HW_BRANCH_MISSES                                            |
|            PERF_COUNT_HW_BRANCH_MISSES                                       |
|     :u=0                                                                     |
|            monitor at user level                                             |
|     :k=0                                                                     |
|            monitor at kernel level                                           |
|     :h=0                                                                     |
|            monitor at hypervisor level                                       |
|     :period=0                                                                |
|            sampling period                                                   |
|     :freq=0                                                                  |
|            sampling frequency (Hz)                                           |
|     :precise=0                                                               |
|            precise event sampling                                            |
|     :excl=0                                                                  |
|            exclusive access                                                  |
|     :mg=0                                                                    |
|            monitor guest execution                                           |
|     :mh=0                                                                    |
|            monitor host execution                                            |
|     :cpu=0                                                                   |
|            CPU to program                                                    |
|     :pinned=0                                                                |
|            pin event to counters                                             |
--------------------------------------------------------------------------------
| perf::BRANCH-MISSES                                                          |
|            PERF_COUNT_HW_BRANCH_MISSES                                       |
|     :u=0                                                                     |
|            monitor at user level                                             |
|     :k=0                                                                     |
|            monitor at kernel level                                           |
|     :h=0                                                                     |
|            monitor at hypervisor level                                       |
|     :period=0                                                                |
|            sampling period                                                   |
|     :freq=0                                                                  |
|            sampling frequency (Hz)                                           |
|     :precise=0                                                               |
|            precise event sampling                                            |
|     :excl=0                                                                  |
|            exclusive access                                                  |
|     :mg=0                                                                    |
|            monitor guest execution                                           |
|     :mh=0                                                                    |
|            monitor host execution                                            |
|     :cpu=0                                                                   |
|            CPU to program                                                    |
|     :pinned=0                                                                |
|            pin event to counters                                             |
--------------------------------------------------------------------------------
| perf::PERF_COUNT_HW_BUS_CYCLES                                               |
|            PERF_COUNT_HW_BUS_CYCLES                                          |
|     :u=0                                                                     |
|            monitor at user level                                             |
|     :k=0                                                                     |
|            monitor at kernel level                                           |
|     :h=0                                                                     |
|            monitor at hypervisor level                                       |
|     :period=0                                                                |
|            sampling period                                                   |
|     :freq=0                                                                  |
|            sampling frequency (Hz)                                           |
|     :precise=0                                                               |
|            precise event sampling                                            |
|     :excl=0                                                                  |
|            exclusive access                                                  |
|     :mg=0                                                                    |
|            monitor guest execution                                           |
|     :mh=0                                                                    |
|            monitor host execution                                            |
|     :cpu=0                                                                   |
|            CPU to program                                                    |
|     :pinned=0                                                                |
|            pin event to counters                                             |
--------------------------------------------------------------------------------
| perf::BUS-CYCLES                                                             |
|            PERF_COUNT_HW_BUS_CYCLES                                          |
|     :u=0                                                                     |
|            monitor at user level                                             |
|     :k=0                                                                     |
|            monitor at kernel level                                           |
|     :h=0                                                                     |
|            monitor at hypervisor level                                       |
|     :period=0                                                                |
|            sampling period                                                   |
|     :freq=0                                                                  |
|            sampling frequency (Hz)                                           |
|     :precise=0                                                               |
|            precise event sampling                                            |
|     :excl=0                                                                  |
|            exclusive access                                                  |
|     :mg=0                                                                    |
|            monitor guest execution                                           |
|     :mh=0                                                                    |
|            monitor host execution                                            |
|     :cpu=0                                                                   |
|            CPU to program                                                    |
|     :pinned=0                                                                |
|            pin event to counters                                             |
--------------------------------------------------------------------------------
| perf::PERF_COUNT_HW_STALLED_CYCLES_FRONTEND                                  |
|            PERF_COUNT_HW_STALLED_CYCLES_FRONTEND                             |
|     :u=0                                                                     |
|            monitor at user level                                             |
|     :k=0                                                                     |
|            monitor at kernel level                                           |
|     :h=0                                                                     |
|            monitor at hypervisor level                                       |
|     :period=0                                                                |
|            sampling period                                                   |
|     :freq=0                                                                  |
|            sampling frequency (Hz)                                           |
|     :precise=0                                                               |
|            precise event sampling                                            |
|     :excl=0                                                                  |
|            exclusive access                                                  |
|     :mg=0                                                                    |
|            monitor guest execution                                           |
|     :mh=0                                                                    |
|            monitor host execution                                            |
|     :cpu=0                                                                   |
|            CPU to program                                                    |
|     :pinned=0                                                                |
|            pin event to counters                                             |
--------------------------------------------------------------------------------
| perf::STALLED-CYCLES-FRONTEND                                                |
|            PERF_COUNT_HW_STALLED_CYCLES_FRONTEND                             |
|     :u=0                                                                     |
|            monitor at user level                                             |
|     :k=0                                                                     |
|            monitor at kernel level                                           |
|     :h=0                                                                     |
|            monitor at hypervisor level                                       |
|     :period=0                                                                |
|            sampling period                                                   |
|     :freq=0                                                                  |
|            sampling frequency (Hz)                                           |
|     :precise=0                                                               |
|            precise event sampling                                            |
|     :excl=0                                                                  |
|            exclusive access                                                  |
|     :mg=0                                                                    |
|            monitor guest execution                                           |
|     :mh=0                                                                    |
|            monitor host execution                                            |
|     :cpu=0                                                                   |
|            CPU to program                                                    |
|     :pinned=0                                                                |
|            pin event to counters                                             |
--------------------------------------------------------------------------------
| perf::IDLE-CYCLES-FRONTEND                                                   |
|            PERF_COUNT_HW_STALLED_CYCLES_FRONTEND                             |
|     :u=0                                                                     |
|            monitor at user level                                             |
|     :k=0                                                                     |
|            monitor at kernel level                                           |
|     :h=0                                                                     |
|            monitor at hypervisor level                                       |
|     :period=0                                                                |
|            sampling period                                                   |
|     :freq=0                                                                  |
|            sampling frequency (Hz)                                           |
|     :precise=0                                                               |
|            precise event sampling                                            |
|     :excl=0                                                                  |
|            exclusive access                                                  |
|     :mg=0                                                                    |
|            monitor guest execution                                           |
|     :mh=0                                                                    |
|            monitor host execution                                            |
|     :cpu=0                                                                   |
|            CPU to program                                                    |
|     :pinned=0                                                                |
|            pin event to counters                                             |
--------------------------------------------------------------------------------
| perf::PERF_COUNT_HW_STALLED_CYCLES_BACKEND                                   |
|            PERF_COUNT_HW_STALLED_CYCLES_BACKEND                              |
|     :u=0                                                                     |
|            monitor at user level                                             |
|     :k=0                                                                     |
|            monitor at kernel level                                           |
|     :h=0                                                                     |
|            monitor at hypervisor level                                       |
|     :period=0                                                                |
|            sampling period                                                   |
|     :freq=0                                                                  |
|            sampling frequency (Hz)                                           |
|     :precise=0                                                               |
|            precise event sampling                                            |
|     :excl=0                                                                  |
|            exclusive access                                                  |
|     :mg=0                                                                    |
|            monitor guest execution                                           |
|     :mh=0                                                                    |
|            monitor host execution                                            |
|     :cpu=0                                                                   |
|            CPU to program                                                    |
|     :pinned=0                                                                |
|            pin event to counters                                             |
--------------------------------------------------------------------------------
| perf::STALLED-CYCLES-BACKEND                                                 |
|            PERF_COUNT_HW_STALLED_CYCLES_BACKEND                              |
|     :u=0                                                                     |
|            monitor at user level                                             |
|     :k=0                                                                     |
|            monitor at kernel level                                           |
|     :h=0                                                                     |
|            monitor at hypervisor level                                       |
|     :period=0                                                                |
|            sampling period                                                   |
|     :freq=0                                                                  |
|            sampling frequency (Hz)                                           |
|     :precise=0                                                               |
|            precise event sampling                                            |
|     :excl=0                                                                  |
|            exclusive access                                                  |
|     :mg=0                                                                    |
|            monitor guest execution                                           |
|     :mh=0                                                                    |
|            monitor host execution                                            |
|     :cpu=0                                                                   |
|            CPU to program                                                    |
|     :pinned=0                                                                |
|            pin event to counters                                             |
--------------------------------------------------------------------------------
| perf::IDLE-CYCLES-BACKEND                                                    |
|            PERF_COUNT_HW_STALLED_CYCLES_BACKEND                              |
|     :u=0                                                                     |
|            monitor at user level                                             |
|     :k=0                                                                     |
|            monitor at kernel level                                           |
|     :h=0                                                                     |
|            monitor at hypervisor level                                       |
|     :period=0                                                                |
|            sampling period                                                   |
|     :freq=0                                                                  |
|            sampling frequency (Hz)                                           |
|     :precise=0                                                               |
|            precise event sampling                                            |
|     :excl=0                                                                  |
|            exclusive access                                                  |
|     :mg=0                                                                    |
|            monitor guest execution                                           |
|     :mh=0                                                                    |
|            monitor host execution                                            |
|     :cpu=0                                                                   |
|            CPU to program                                                    |
|     :pinned=0                                                                |
|            pin event to counters                                             |
--------------------------------------------------------------------------------
| perf::PERF_COUNT_HW_REF_CPU_CYCLES                                           |
|            PERF_COUNT_HW_REF_CPU_CYCLES                                      |
|     :u=0                                                                     |
|            monitor at user level                                             |
|     :k=0                                                                     |
|            monitor at kernel level                                           |
|     :h=0                                                                     |
|            monitor at hypervisor level                                       |
|     :period=0                                                                |
|            sampling period                                                   |
|     :freq=0                                                                  |
|            sampling frequency (Hz)                                           |
|     :precise=0                                                               |
|            precise event sampling                                            |
|     :excl=0                                                                  |
|            exclusive access                                                  |
|     :mg=0                                                                    |
|            monitor guest execution                                           |
|     :mh=0                                                                    |
|            monitor host execution                                            |
|     :cpu=0                                                                   |
|            CPU to program                                                    |
|     :pinned=0                                                                |
|            pin event to counters                                             |
--------------------------------------------------------------------------------
| perf::REF-CYCLES                                                             |
|            PERF_COUNT_HW_REF_CPU_CYCLES                                      |
|     :u=0                                                                     |
|            monitor at user level                                             |
|     :k=0                                                                     |
|            monitor at kernel level                                           |
|     :h=0                                                                     |
|            monitor at hypervisor level                                       |
|     :period=0                                                                |
|            sampling period                                                   |
|     :freq=0                                                                  |
|            sampling frequency (Hz)                                           |
|     :precise=0                                                               |
|            precise event sampling                                            |
|     :excl=0                                                                  |
|            exclusive access                                                  |
|     :mg=0                                                                    |
|            monitor guest execution                                           |
|     :mh=0                                                                    |
|            monitor host execution                                            |
|     :cpu=0                                                                   |
|            CPU to program                                                    |
|     :pinned=0                                                                |
|            pin event to counters                                             |
--------------------------------------------------------------------------------
| perf::PERF_COUNT_SW_CPU_CLOCK                                                |
|            PERF_COUNT_SW_CPU_CLOCK                                           |
|     :u=0                                                                     |
|            monitor at user level                                             |
|     :k=0                                                                     |
|            monitor at kernel level                                           |
|     :period=0                                                                |
|            sampling period                                                   |
|     :freq=0                                                                  |
|            sampling frequency (Hz)                                           |
|     :excl=0                                                                  |
|            exclusive access                                                  |
|     :mg=0                                                                    |
|            monitor guest execution                                           |
|     :mh=0                                                                    |
|            monitor host execution                                            |
|     :cpu=0                                                                   |
|            CPU to program                                                    |
|     :pinned=0                                                                |
|            pin event to counters                                             |
--------------------------------------------------------------------------------
| perf::CPU-CLOCK                                                              |
|            PERF_COUNT_SW_CPU_CLOCK                                           |
|     :u=0                                                                     |
|            monitor at user level                                             |
|     :k=0                                                                     |
|            monitor at kernel level                                           |
|     :period=0                                                                |
|            sampling period                                                   |
|     :freq=0                                                                  |
|            sampling frequency (Hz)                                           |
|     :excl=0                                                                  |
|            exclusive access                                                  |
|     :mg=0                                                                    |
|            monitor guest execution                                           |
|     :mh=0                                                                    |
|            monitor host execution                                            |
|     :cpu=0                                                                   |
|            CPU to program                                                    |
|     :pinned=0                                                                |
|            pin event to counters                                             |
--------------------------------------------------------------------------------
| perf::PERF_COUNT_SW_TASK_CLOCK                                               |
|            PERF_COUNT_SW_TASK_CLOCK                                          |
|     :u=0                                                                     |
|            monitor at user level                                             |
|     :k=0                                                                     |
|            monitor at kernel level                                           |
|     :period=0                                                                |
|            sampling period                                                   |
|     :freq=0                                                                  |
|            sampling frequency (Hz)                                           |
|     :excl=0                                                                  |
|            exclusive access                                                  |
|     :mg=0                                                                    |
|            monitor guest execution                                           |
|     :mh=0                                                                    |
|            monitor host execution                                            |
|     :cpu=0                                                                   |
|            CPU to program                                                    |
|     :pinned=0                                                                |
|            pin event to counters                                             |
--------------------------------------------------------------------------------
| perf::TASK-CLOCK                                                             |
|            PERF_COUNT_SW_TASK_CLOCK                                          |
|     :u=0                                                                     |
|            monitor at user level                                             |
|     :k=0                                                                     |
|            monitor at kernel level                                           |
|     :period=0                                                                |
|            sampling period                                                   |
|     :freq=0                                                                  |
|            sampling frequency (Hz)                                           |
|     :excl=0                                                                  |
|            exclusive access                                                  |
|     :mg=0                                                                    |
|            monitor guest execution                                           |
|     :mh=0                                                                    |
|            monitor host execution                                            |
|     :cpu=0                                                                   |
|            CPU to program                                                    |
|     :pinned=0                                                                |
|            pin event to counters                                             |
--------------------------------------------------------------------------------
| perf::PERF_COUNT_SW_PAGE_FAULTS                                              |
|            PERF_COUNT_SW_PAGE_FAULTS                                         |
|     :u=0                                                                     |
|            monitor at user level                                             |
|     :k=0                                                                     |
|            monitor at kernel level                                           |
|     :period=0                                                                |
|            sampling period                                                   |
|     :freq=0                                                                  |
|            sampling frequency (Hz)                                           |
|     :excl=0                                                                  |
|            exclusive access                                                  |
|     :mg=0                                                                    |
|            monitor guest execution                                           |
|     :mh=0                                                                    |
|            monitor host execution                                            |
|     :cpu=0                                                                   |
|            CPU to program                                                    |
|     :pinned=0                                                                |
|            pin event to counters                                             |
--------------------------------------------------------------------------------
| perf::PAGE-FAULTS                                                            |
|            PERF_COUNT_SW_PAGE_FAULTS                                         |
|     :u=0                                                                     |
|            monitor at user level                                             |
|     :k=0                                                                     |
|            monitor at kernel level                                           |
|     :period=0                                                                |
|            sampling period                                                   |
|     :freq=0                                                                  |
|            sampling frequency (Hz)                                           |
|     :excl=0                                                                  |
|            exclusive access                                                  |
|     :mg=0                                                                    |
|            monitor guest execution                                           |
|     :mh=0                                                                    |
|            monitor host execution                                            |
|     :cpu=0                                                                   |
|            CPU to program                                                    |
|     :pinned=0                                                                |
|            pin event to counters                                             |
--------------------------------------------------------------------------------
| perf::FAULTS                                                                 |
|            PERF_COUNT_SW_PAGE_FAULTS                                         |
|     :u=0                                                                     |
|            monitor at user level                                             |
|     :k=0                                                                     |
|            monitor at kernel level                                           |
|     :period=0                                                                |
|            sampling period                                                   |
|     :freq=0                                                                  |
|            sampling frequency (Hz)                                           |
|     :excl=0                                                                  |
|            exclusive access                                                  |
|     :mg=0                                                                    |
|            monitor guest execution                                           |
|     :mh=0                                                                    |
|            monitor host execution                                            |
|     :cpu=0                                                                   |
|            CPU to program                                                    |
|     :pinned=0                                                                |
|            pin event to counters                                             |
--------------------------------------------------------------------------------
| perf::PERF_COUNT_SW_CONTEXT_SWITCHES                                         |
|            PERF_COUNT_SW_CONTEXT_SWITCHES                                    |
|     :u=0                                                                     |
|            monitor at user level                                             |
|     :k=0                                                                     |
|            monitor at kernel level                                           |
|     :period=0                                                                |
|            sampling period                                                   |
|     :freq=0                                                                  |
|            sampling frequency (Hz)                                           |
|     :excl=0                                                                  |
|            exclusive access                                                  |
|     :mg=0                                                                    |
|            monitor guest execution                                           |
|     :mh=0                                                                    |
|            monitor host execution                                            |
|     :cpu=0                                                                   |
|            CPU to program                                                    |
|     :pinned=0                                                                |
|            pin event to counters                                             |
--------------------------------------------------------------------------------
| perf::CONTEXT-SWITCHES                                                       |
|            PERF_COUNT_SW_CONTEXT_SWITCHES                                    |
|     :u=0                                                                     |
|            monitor at user level                                             |
|     :k=0                                                                     |
|            monitor at kernel level                                           |
|     :period=0                                                                |
|            sampling period                                                   |
|     :freq=0                                                                  |
|            sampling frequency (Hz)                                           |
|     :excl=0                                                                  |
|            exclusive access                                                  |
|     :mg=0                                                                    |
|            monitor guest execution                                           |
|     :mh=0                                                                    |
|            monitor host execution                                            |
|     :cpu=0                                                                   |
|            CPU to program                                                    |
|     :pinned=0                                                                |
|            pin event to counters                                             |
--------------------------------------------------------------------------------
| perf::CS                                                                     |
|            PERF_COUNT_SW_CONTEXT_SWITCHES                                    |
|     :u=0                                                                     |
|            monitor at user level                                             |
|     :k=0                                                                     |
|            monitor at kernel level                                           |
|     :period=0                                                                |
|            sampling period                                                   |
|     :freq=0                                                                  |
|            sampling frequency (Hz)                                           |
|     :excl=0                                                                  |
|            exclusive access                                                  |
|     :mg=0                                                                    |
|            monitor guest execution                                           |
|     :mh=0                                                                    |
|            monitor host execution                                            |
|     :cpu=0                                                                   |
|            CPU to program                                                    |
|     :pinned=0                                                                |
|            pin event to counters                                             |
--------------------------------------------------------------------------------
| perf::PERF_COUNT_SW_CPU_MIGRATIONS                                           |
|            PERF_COUNT_SW_CPU_MIGRATIONS                                      |
|     :u=0                                                                     |
|            monitor at user level                                             |
|     :k=0                                                                     |
|            monitor at kernel level                                           |
|     :period=0                                                                |
|            sampling period                                                   |
|     :freq=0                                                                  |
|            sampling frequency (Hz)                                           |
|     :excl=0                                                                  |
|            exclusive access                                                  |
|     :mg=0                                                                    |
|            monitor guest execution                                           |
|     :mh=0                                                                    |
|            monitor host execution                                            |
|     :cpu=0                                                                   |
|            CPU to program                                                    |
|     :pinned=0                                                                |
|            pin event to counters                                             |
--------------------------------------------------------------------------------
| perf::CPU-MIGRATIONS                                                         |
|            PERF_COUNT_SW_CPU_MIGRATIONS                                      |
|     :u=0                                                                     |
|            monitor at user level                                             |
|     :k=0                                                                     |
|            monitor at kernel level                                           |
|     :period=0                                                                |
|            sampling period                                                   |
|     :freq=0                                                                  |
|            sampling frequency (Hz)                                           |
|     :excl=0                                                                  |
|            exclusive access                                                  |
|     :mg=0                                                                    |
|            monitor guest execution                                           |
|     :mh=0                                                                    |
|            monitor host execution                                            |
|     :cpu=0                                                                   |
|            CPU to program                                                    |
|     :pinned=0                                                                |
|            pin event to counters                                             |
--------------------------------------------------------------------------------
| perf::MIGRATIONS                                                             |
|            PERF_COUNT_SW_CPU_MIGRATIONS                                      |
|     :u=0                                                                     |
|            monitor at user level                                             |
|     :k=0                                                                     |
|            monitor at kernel level                                           |
|     :period=0                                                                |
|            sampling period                                                   |
|     :freq=0                                                                  |
|            sampling frequency (Hz)                                           |
|     :excl=0                                                                  |
|            exclusive access                                                  |
|     :mg=0                                                                    |
|            monitor guest execution                                           |
|     :mh=0                                                                    |
|            monitor host execution                                            |
|     :cpu=0                                                                   |
|            CPU to program                                                    |
|     :pinned=0                                                                |
|            pin event to counters                                             |
--------------------------------------------------------------------------------
| perf::PERF_COUNT_SW_PAGE_FAULTS_MIN                                          |
|            PERF_COUNT_SW_PAGE_FAULTS_MIN                                     |
|     :u=0                                                                     |
|            monitor at user level                                             |
|     :k=0                                                                     |
|            monitor at kernel level                                           |
|     :period=0                                                                |
|            sampling period                                                   |
|     :freq=0                                                                  |
|            sampling frequency (Hz)                                           |
|     :excl=0                                                                  |
|            exclusive access                                                  |
|     :mg=0                                                                    |
|            monitor guest execution                                           |
|     :mh=0                                                                    |
|            monitor host execution                                            |
|     :cpu=0                                                                   |
|            CPU to program                                                    |
|     :pinned=0                                                                |
|            pin event to counters                                             |
--------------------------------------------------------------------------------
| perf::MINOR-FAULTS                                                           |
|            PERF_COUNT_SW_PAGE_FAULTS_MIN                                     |
|     :u=0                                                                     |
|            monitor at user level                                             |
|     :k=0                                                                     |
|            monitor at kernel level                                           |
|     :period=0                                                                |
|            sampling period                                                   |
|     :freq=0                                                                  |
|            sampling frequency (Hz)                                           |
|     :excl=0                                                                  |
|            exclusive access                                                  |
|     :mg=0                                                                    |
|            monitor guest execution                                           |
|     :mh=0                                                                    |
|            monitor host execution                                            |
|     :cpu=0                                                                   |
|            CPU to program                                                    |
|     :pinned=0                                                                |
|            pin event to counters                                             |
--------------------------------------------------------------------------------
| perf::PERF_COUNT_SW_PAGE_FAULTS_MAJ                                          |
|            PERF_COUNT_SW_PAGE_FAULTS_MAJ                                     |
|     :u=0                                                                     |
|            monitor at user level                                             |
|     :k=0                                                                     |
|            monitor at kernel level                                           |
|     :period=0                                                                |
|            sampling period                                                   |
|     :freq=0                                                                  |
|            sampling frequency (Hz)                                           |
|     :excl=0                                                                  |
|            exclusive access                                                  |
|     :mg=0                                                                    |
|            monitor guest execution                                           |
|     :mh=0                                                                    |
|            monitor host execution                                            |
|     :cpu=0                                                                   |
|            CPU to program                                                    |
|     :pinned=0                                                                |
|            pin event to counters                                             |
--------------------------------------------------------------------------------
| perf::MAJOR-FAULTS                                                           |
|            PERF_COUNT_SW_PAGE_FAULTS_MAJ                                     |
|     :u=0                                                                     |
|            monitor at user level                                             |
|     :k=0                                                                     |
|            monitor at kernel level                                           |
|     :period=0                                                                |
|            sampling period                                                   |
|     :freq=0                                                                  |
|            sampling frequency (Hz)                                           |
|     :excl=0                                                                  |
|            exclusive access                                                  |
|     :mg=0                                                                    |
|            monitor guest execution                                           |
|     :mh=0                                                                    |
|            monitor host execution                                            |
|     :cpu=0                                                                   |
|            CPU to program                                                    |
|     :pinned=0                                                                |
|            pin event to counters                                             |
--------------------------------------------------------------------------------
| perf::PERF_COUNT_SW_CGROUP_SWITCHES                                          |
|            PERF_COUNT_SW_CGROUP_SWITCHES                                     |
|     :u=0                                                                     |
|            monitor at user level                                             |
|     :k=0                                                                     |
|            monitor at kernel level                                           |
|     :period=0                                                                |
|            sampling period                                                   |
|     :freq=0                                                                  |
|            sampling frequency (Hz)                                           |
|     :excl=0                                                                  |
|            exclusive access                                                  |
|     :mg=0                                                                    |
|            monitor guest execution                                           |
|     :mh=0                                                                    |
|            monitor host execution                                            |
|     :cpu=0                                                                   |
|            CPU to program                                                    |
|     :pinned=0                                                                |
|            pin event to counters                                             |
--------------------------------------------------------------------------------
| perf::CGROUP-SWITCHES                                                        |
|            PERF_COUNT_SW_CGROUP_SWITCHES                                     |
|     :u=0                                                                     |
|            monitor at user level                                             |
|     :k=0                                                                     |
|            monitor at kernel level                                           |
|     :period=0                                                                |
|            sampling period                                                   |
|     :freq=0                                                                  |
|            sampling frequency (Hz)                                           |
|     :excl=0                                                                  |
|            exclusive access                                                  |
|     :mg=0                                                                    |
|            monitor guest execution                                           |
|     :mh=0                                                                    |
|            monitor host execution                                            |
|     :cpu=0                                                                   |
|            CPU to program                                                    |
|     :pinned=0                                                                |
|            pin event to counters                                             |
--------------------------------------------------------------------------------
| perf::PERF_COUNT_HW_CACHE_L1D                                                |
|            L1 data cache                                                     |
|     :READ                                                                    |
|            read access                                                       |
|     :WRITE                                                                   |
|            write access                                                      |
|     :PREFETCH                                                                |
|            prefetch access                                                   |
|     :ACCESS                                                                  |
|            hit access                                                        |
|     :MISS                                                                    |
|            miss access                                                       |
|     :u=0                                                                     |
|            monitor at user level                                             |
|     :k=0                                                                     |
|            monitor at kernel level                                           |
|     :h=0                                                                     |
|            monitor at hypervisor level                                       |
|     :period=0                                                                |
|            sampling period                                                   |
|     :freq=0                                                                  |
|            sampling frequency (Hz)                                           |
|     :precise=0                                                               |
|            precise event sampling                                            |
|     :excl=0                                                                  |
|            exclusive access                                                  |
|     :mg=0                                                                    |
|            monitor guest execution                                           |
|     :mh=0                                                                    |
|            monitor host execution                                            |
|     :cpu=0                                                                   |
|            CPU to program                                                    |
|     :pinned=0                                                                |
|            pin event to counters                                             |
--------------------------------------------------------------------------------
| perf::L1-DCACHE-LOADS                                                        |
|            L1 cache load accesses                                            |
|     :u=0                                                                     |
|            monitor at user level                                             |
|     :k=0                                                                     |
|            monitor at kernel level                                           |
|     :h=0                                                                     |
|            monitor at hypervisor level                                       |
|     :period=0                                                                |
|            sampling period                                                   |
|     :freq=0                                                                  |
|            sampling frequency (Hz)                                           |
|     :precise=0                                                               |
|            precise event sampling                                            |
|     :excl=0                                                                  |
|            exclusive access                                                  |
|     :mg=0                                                                    |
|            monitor guest execution                                           |
|     :mh=0                                                                    |
|            monitor host execution                                            |
|     :cpu=0                                                                   |
|            CPU to program                                                    |
|     :pinned=0                                                                |
|            pin event to counters                                             |
--------------------------------------------------------------------------------
| perf::L1-DCACHE-LOAD-MISSES                                                  |
|            L1 cache load misses                                              |
|     :u=0                                                                     |
|            monitor at user level                                             |
|     :k=0                                                                     |
|            monitor at kernel level                                           |
|     :h=0                                                                     |
|            monitor at hypervisor level                                       |
|     :period=0                                                                |
|            sampling period                                                   |
|     :freq=0                                                                  |
|            sampling frequency (Hz)                                           |
|     :precise=0                                                               |
|            precise event sampling                                            |
|     :excl=0                                                                  |
|            exclusive access                                                  |
|     :mg=0                                                                    |
|            monitor guest execution                                           |
|     :mh=0                                                                    |
|            monitor host execution                                            |
|     :cpu=0                                                                   |
|            CPU to program                                                    |
|     :pinned=0                                                                |
|            pin event to counters                                             |
--------------------------------------------------------------------------------
| perf::L1-DCACHE-STORES                                                       |
|            L1 cache store accesses                                           |
|     :u=0                                                                     |
|            monitor at user level                                             |
|     :k=0                                                                     |
|            monitor at kernel level                                           |
|     :h=0                                                                     |
|            monitor at hypervisor level                                       |
|     :period=0                                                                |
|            sampling period                                                   |
|     :freq=0                                                                  |
|            sampling frequency (Hz)                                           |
|     :precise=0                                                               |
|            precise event sampling                                            |
|     :excl=0                                                                  |
|            exclusive access                                                  |
|     :mg=0                                                                    |
|            monitor guest execution                                           |
|     :mh=0                                                                    |
|            monitor host execution                                            |
|     :cpu=0                                                                   |
|            CPU to program                                                    |
|     :pinned=0                                                                |
|            pin event to counters                                             |
--------------------------------------------------------------------------------
| perf::L1-DCACHE-STORE-MISSES                                                 |
|            L1 cache store misses                                             |
|     :u=0                                                                     |
|            monitor at user level                                             |
|     :k=0                                                                     |
|            monitor at kernel level                                           |
|     :h=0                                                                     |
|            monitor at hypervisor level                                       |
|     :period=0                                                                |
|            sampling period                                                   |
|     :freq=0                                                                  |
|            sampling frequency (Hz)                                           |
|     :precise=0                                                               |
|            precise event sampling                                            |
|     :excl=0                                                                  |
|            exclusive access                                                  |
|     :mg=0                                                                    |
|            monitor guest execution                                           |
|     :mh=0                                                                    |
|            monitor host execution                                            |
|     :cpu=0                                                                   |
|            CPU to program                                                    |
|     :pinned=0                                                                |
|            pin event to counters                                             |
--------------------------------------------------------------------------------
| perf::L1-DCACHE-PREFETCHES                                                   |
|            L1 cache prefetch accesses                                        |
|     :u=0                                                                     |
|            monitor at user level                                             |
|     :k=0                                                                     |
|            monitor at kernel level                                           |
|     :h=0                                                                     |
|            monitor at hypervisor level                                       |
|     :period=0                                                                |
|            sampling period                                                   |
|     :freq=0                                                                  |
|            sampling frequency (Hz)                                           |
|     :precise=0                                                               |
|            precise event sampling                                            |
|     :excl=0                                                                  |
|            exclusive access                                                  |
|     :mg=0                                                                    |
|            monitor guest execution                                           |
|     :mh=0                                                                    |
|            monitor host execution                                            |
|     :cpu=0                                                                   |
|            CPU to program                                                    |
|     :pinned=0                                                                |
|            pin event to counters                                             |
--------------------------------------------------------------------------------
| perf::L1-DCACHE-PREFETCH-MISSES                                              |
|            L1 cache prefetch misses                                          |
|     :u=0                                                                     |
|            monitor at user level                                             |
|     :k=0                                                                     |
|            monitor at kernel level                                           |
|     :h=0                                                                     |
|            monitor at hypervisor level                                       |
|     :period=0                                                                |
|            sampling period                                                   |
|     :freq=0                                                                  |
|            sampling frequency (Hz)                                           |
|     :precise=0                                                               |
|            precise event sampling                                            |
|     :excl=0                                                                  |
|            exclusive access                                                  |
|     :mg=0                                                                    |
|            monitor guest execution                                           |
|     :mh=0                                                                    |
|            monitor host execution                                            |
|     :cpu=0                                                                   |
|            CPU to program                                                    |
|     :pinned=0                                                                |
|            pin event to counters                                             |
--------------------------------------------------------------------------------
| perf::PERF_COUNT_HW_CACHE_L1I                                                |
|            L1 instruction cache                                              |
|     :READ                                                                    |
|            read access                                                       |
|     :PREFETCH                                                                |
|            prefetch access                                                   |
|     :ACCESS                                                                  |
|            hit access                                                        |
|     :MISS                                                                    |
|            miss access                                                       |
|     :u=0                                                                     |
|            monitor at user level                                             |
|     :k=0                                                                     |
|            monitor at kernel level                                           |
|     :h=0                                                                     |
|            monitor at hypervisor level                                       |
|     :period=0                                                                |
|            sampling period                                                   |
|     :freq=0                                                                  |
|            sampling frequency (Hz)                                           |
|     :precise=0                                                               |
|            precise event sampling                                            |
|     :excl=0                                                                  |
|            exclusive access                                                  |
|     :mg=0                                                                    |
|            monitor guest execution                                           |
|     :mh=0                                                                    |
|            monitor host execution                                            |
|     :cpu=0                                                                   |
|            CPU to program                                                    |
|     :pinned=0                                                                |
|            pin event to counters                                             |
--------------------------------------------------------------------------------
| perf::L1-ICACHE-LOADS                                                        |
|            L1I cache load accesses                                           |
|     :u=0                                                                     |
|            monitor at user level                                             |
|     :k=0                                                                     |
|            monitor at kernel level                                           |
|     :h=0                                                                     |
|            monitor at hypervisor level                                       |
|     :period=0                                                                |
|            sampling period                                                   |
|     :freq=0                                                                  |
|            sampling frequency (Hz)                                           |
|     :precise=0                                                               |
|            precise event sampling                                            |
|     :excl=0                                                                  |
|            exclusive access                                                  |
|     :mg=0                                                                    |
|            monitor guest execution                                           |
|     :mh=0                                                                    |
|            monitor host execution                                            |
|     :cpu=0                                                                   |
|            CPU to program                                                    |
|     :pinned=0                                                                |
|            pin event to counters                                             |
--------------------------------------------------------------------------------
| perf::L1-ICACHE-LOAD-MISSES                                                  |
|            L1I cache load misses                                             |
|     :u=0                                                                     |
|            monitor at user level                                             |
|     :k=0                                                                     |
|            monitor at kernel level                                           |
|     :h=0                                                                     |
|            monitor at hypervisor level                                       |
|     :period=0                                                                |
|            sampling period                                                   |
|     :freq=0                                                                  |
|            sampling frequency (Hz)                                           |
|     :precise=0                                                               |
|            precise event sampling                                            |
|     :excl=0                                                                  |
|            exclusive access                                                  |
|     :mg=0                                                                    |
|            monitor guest execution                                           |
|     :mh=0                                                                    |
|            monitor host execution                                            |
|     :cpu=0                                                                   |
|            CPU to program                                                    |
|     :pinned=0                                                                |
|            pin event to counters                                             |
--------------------------------------------------------------------------------
| perf::L1-ICACHE-PREFETCHES                                                   |
|            L1I cache prefetch accesses                                       |
|     :u=0                                                                     |
|            monitor at user level                                             |
|     :k=0                                                                     |
|            monitor at kernel level                                           |
|     :h=0                                                                     |
|            monitor at hypervisor level                                       |
|     :period=0                                                                |
|            sampling period                                                   |
|     :freq=0                                                                  |
|            sampling frequency (Hz)                                           |
|     :precise=0                                                               |
|            precise event sampling                                            |
|     :excl=0                                                                  |
|            exclusive access                                                  |
|     :mg=0                                                                    |
|            monitor guest execution                                           |
|     :mh=0                                                                    |
|            monitor host execution                                            |
|     :cpu=0                                                                   |
|            CPU to program                                                    |
|     :pinned=0                                                                |
|            pin event to counters                                             |
--------------------------------------------------------------------------------
| perf::L1-ICACHE-PREFETCH-MISSES                                              |
|            L1I cache prefetch misses                                         |
|     :u=0                                                                     |
|            monitor at user level                                             |
|     :k=0                                                                     |
|            monitor at kernel level                                           |
|     :h=0                                                                     |
|            monitor at hypervisor level                                       |
|     :period=0                                                                |
|            sampling period                                                   |
|     :freq=0                                                                  |
|            sampling frequency (Hz)                                           |
|     :precise=0                                                               |
|            precise event sampling                                            |
|     :excl=0                                                                  |
|            exclusive access                                                  |
|     :mg=0                                                                    |
|            monitor guest execution                                           |
|     :mh=0                                                                    |
|            monitor host execution                                            |
|     :cpu=0                                                                   |
|            CPU to program                                                    |
|     :pinned=0                                                                |
|            pin event to counters                                             |
--------------------------------------------------------------------------------
| perf::PERF_COUNT_HW_CACHE_LL                                                 |
|            Last level cache                                                  |
|     :READ                                                                    |
|            read access                                                       |
|     :WRITE                                                                   |
|            write access                                                      |
|     :PREFETCH                                                                |
|            prefetch access                                                   |
|     :ACCESS                                                                  |
|            hit access                                                        |
|     :MISS                                                                    |
|            miss access                                                       |
|     :u=0                                                                     |
|            monitor at user level                                             |
|     :k=0                                                                     |
|            monitor at kernel level                                           |
|     :h=0                                                                     |
|            monitor at hypervisor level                                       |
|     :period=0                                                                |
|            sampling period                                                   |
|     :freq=0                                                                  |
|            sampling frequency (Hz)                                           |
|     :precise=0                                                               |
|            precise event sampling                                            |
|     :excl=0                                                                  |
|            exclusive access                                                  |
|     :mg=0                                                                    |
|            monitor guest execution                                           |
|     :mh=0                                                                    |
|            monitor host execution                                            |
|     :cpu=0                                                                   |
|            CPU to program                                                    |
|     :pinned=0                                                                |
|            pin event to counters                                             |
--------------------------------------------------------------------------------
| perf::LLC-LOADS                                                              |
|            Last level cache load accesses                                    |
|     :u=0                                                                     |
|            monitor at user level                                             |
|     :k=0                                                                     |
|            monitor at kernel level                                           |
|     :h=0                                                                     |
|            monitor at hypervisor level                                       |
|     :period=0                                                                |
|            sampling period                                                   |
|     :freq=0                                                                  |
|            sampling frequency (Hz)                                           |
|     :precise=0                                                               |
|            precise event sampling                                            |
|     :excl=0                                                                  |
|            exclusive access                                                  |
|     :mg=0                                                                    |
|            monitor guest execution                                           |
|     :mh=0                                                                    |
|            monitor host execution                                            |
|     :cpu=0                                                                   |
|            CPU to program                                                    |
|     :pinned=0                                                                |
|            pin event to counters                                             |
--------------------------------------------------------------------------------
| perf::LLC-LOAD-MISSES                                                        |
|            Last level cache load misses                                      |
|     :u=0                                                                     |
|            monitor at user level                                             |
|     :k=0                                                                     |
|            monitor at kernel level                                           |
|     :h=0                                                                     |
|            monitor at hypervisor level                                       |
|     :period=0                                                                |
|            sampling period                                                   |
|     :freq=0                                                                  |
|            sampling frequency (Hz)                                           |
|     :precise=0                                                               |
|            precise event sampling                                            |
|     :excl=0                                                                  |
|            exclusive access                                                  |
|     :mg=0                                                                    |
|            monitor guest execution                                           |
|     :mh=0                                                                    |
|            monitor host execution                                            |
|     :cpu=0                                                                   |
|            CPU to program                                                    |
|     :pinned=0                                                                |
|            pin event to counters                                             |
--------------------------------------------------------------------------------
| perf::LLC-STORES                                                             |
|            Last level cache store accesses                                   |
|     :u=0                                                                     |
|            monitor at user level                                             |
|     :k=0                                                                     |
|            monitor at kernel level                                           |
|     :h=0                                                                     |
|            monitor at hypervisor level                                       |
|     :period=0                                                                |
|            sampling period                                                   |
|     :freq=0                                                                  |
|            sampling frequency (Hz)                                           |
|     :precise=0                                                               |
|            precise event sampling                                            |
|     :excl=0                                                                  |
|            exclusive access                                                  |
|     :mg=0                                                                    |
|            monitor guest execution                                           |
|     :mh=0                                                                    |
|            monitor host execution                                            |
|     :cpu=0                                                                   |
|            CPU to program                                                    |
|     :pinned=0                                                                |
|            pin event to counters                                             |
--------------------------------------------------------------------------------
| perf::LLC-STORE-MISSES                                                       |
|            Last level cache store misses                                     |
|     :u=0                                                                     |
|            monitor at user level                                             |
|     :k=0                                                                     |
|            monitor at kernel level                                           |
|     :h=0                                                                     |
|            monitor at hypervisor level                                       |
|     :period=0                                                                |
|            sampling period                                                   |
|     :freq=0                                                                  |
|            sampling frequency (Hz)                                           |
|     :precise=0                                                               |
|            precise event sampling                                            |
|     :excl=0                                                                  |
|            exclusive access                                                  |
|     :mg=0                                                                    |
|            monitor guest execution                                           |
|     :mh=0                                                                    |
|            monitor host execution                                            |
|     :cpu=0                                                                   |
|            CPU to program                                                    |
|     :pinned=0                                                                |
|            pin event to counters                                             |
--------------------------------------------------------------------------------
| perf::LLC-PREFETCHES                                                         |
|            Last level cache prefetch accesses                                |
|     :u=0                                                                     |
|            monitor at user level                                             |
|     :k=0                                                                     |
|            monitor at kernel level                                           |
|     :h=0                                                                     |
|            monitor at hypervisor level                                       |
|     :period=0                                                                |
|            sampling period                                                   |
|     :freq=0                                                                  |
|            sampling frequency (Hz)                                           |
|     :precise=0                                                               |
|            precise event sampling                                            |
|     :excl=0                                                                  |
|            exclusive access                                                  |
|     :mg=0                                                                    |
|            monitor guest execution                                           |
|     :mh=0                                                                    |
|            monitor host execution                                            |
|     :cpu=0                                                                   |
|            CPU to program                                                    |
|     :pinned=0                                                                |
|            pin event to counters                                             |
--------------------------------------------------------------------------------
| perf::LLC-PREFETCH-MISSES                                                    |
|            Last level cache prefetch misses                                  |
|     :u=0                                                                     |
|            monitor at user level                                             |
|     :k=0                                                                     |
|            monitor at kernel level                                           |
|     :h=0                                                                     |
|            monitor at hypervisor level                                       |
|     :period=0                                                                |
|            sampling period                                                   |
|     :freq=0                                                                  |
|            sampling frequency (Hz)                                           |
|     :precise=0                                                               |
|            precise event sampling                                            |
|     :excl=0                                                                  |
|            exclusive access                                                  |
|     :mg=0                                                                    |
|            monitor guest execution                                           |
|     :mh=0                                                                    |
|            monitor host execution                                            |
|     :cpu=0                                                                   |
|            CPU to program                                                    |
|     :pinned=0                                                                |
|            pin event to counters                                             |
--------------------------------------------------------------------------------
| perf::PERF_COUNT_HW_CACHE_DTLB                                               |
|            Data Translation Lookaside Buffer                                 |
|     :READ                                                                    |
|            read access                                                       |
|     :WRITE                                                                   |
|            write access                                                      |
|     :PREFETCH                                                                |
|            prefetch access                                                   |
|     :ACCESS                                                                  |
|            hit access                                                        |
|     :MISS                                                                    |
|            miss access                                                       |
|     :u=0                                                                     |
|            monitor at user level                                             |
|     :k=0                                                                     |
|            monitor at kernel level                                           |
|     :h=0                                                                     |
|            monitor at hypervisor level                                       |
|     :period=0                                                                |
|            sampling period                                                   |
|     :freq=0                                                                  |
|            sampling frequency (Hz)                                           |
|     :precise=0                                                               |
|            precise event sampling                                            |
|     :excl=0                                                                  |
|            exclusive access                                                  |
|     :mg=0                                                                    |
|            monitor guest execution                                           |
|     :mh=0                                                                    |
|            monitor host execution                                            |
|     :cpu=0                                                                   |
|            CPU to program                                                    |
|     :pinned=0                                                                |
|            pin event to counters                                             |
--------------------------------------------------------------------------------
| perf::DTLB-LOADS                                                             |
|            Data TLB load accesses                                            |
|     :u=0                                                                     |
|            monitor at user level                                             |
|     :k=0                                                                     |
|            monitor at kernel level                                           |
|     :h=0                                                                     |
|            monitor at hypervisor level                                       |
|     :period=0                                                                |
|            sampling period                                                   |
|     :freq=0                                                                  |
|            sampling frequency (Hz)                                           |
|     :precise=0                                                               |
|            precise event sampling                                            |
|     :excl=0                                                                  |
|            exclusive access                                                  |
|     :mg=0                                                                    |
|            monitor guest execution                                           |
|     :mh=0                                                                    |
|            monitor host execution                                            |
|     :cpu=0                                                                   |
|            CPU to program                                                    |
|     :pinned=0                                                                |
|            pin event to counters                                             |
--------------------------------------------------------------------------------
| perf::DTLB-LOAD-MISSES                                                       |
|            Data TLB load misses                                              |
|     :u=0                                                                     |
|            monitor at user level                                             |
|     :k=0                                                                     |
|            monitor at kernel level                                           |
|     :h=0                                                                     |
|            monitor at hypervisor level                                       |
|     :period=0                                                                |
|            sampling period                                                   |
|     :freq=0                                                                  |
|            sampling frequency (Hz)                                           |
|     :precise=0                                                               |
|            precise event sampling                                            |
|     :excl=0                                                                  |
|            exclusive access                                                  |
|     :mg=0                                                                    |
|            monitor guest execution                                           |
|     :mh=0                                                                    |
|            monitor host execution                                            |
|     :cpu=0                                                                   |
|            CPU to program                                                    |
|     :pinned=0                                                                |
|            pin event to counters                                             |
--------------------------------------------------------------------------------
| perf::DTLB-STORES                                                            |
|            Data TLB store accesses                                           |
|     :u=0                                                                     |
|            monitor at user level                                             |
|     :k=0                                                                     |
|            monitor at kernel level                                           |
|     :h=0                                                                     |
|            monitor at hypervisor level                                       |
|     :period=0                                                                |
|            sampling period                                                   |
|     :freq=0                                                                  |
|            sampling frequency (Hz)                                           |
|     :precise=0                                                               |
|            precise event sampling                                            |
|     :excl=0                                                                  |
|            exclusive access                                                  |
|     :mg=0                                                                    |
|            monitor guest execution                                           |
|     :mh=0                                                                    |
|            monitor host execution                                            |
|     :cpu=0                                                                   |
|            CPU to program                                                    |
|     :pinned=0                                                                |
|            pin event to counters                                             |
--------------------------------------------------------------------------------
| perf::DTLB-STORE-MISSES                                                      |
|            Data TLB store misses                                             |
|     :u=0                                                                     |
|            monitor at user level                                             |
|     :k=0                                                                     |
|            monitor at kernel level                                           |
|     :h=0                                                                     |
|            monitor at hypervisor level                                       |
|     :period=0                                                                |
|            sampling period                                                   |
|     :freq=0                                                                  |
|            sampling frequency (Hz)                                           |
|     :precise=0                                                               |
|            precise event sampling                                            |
|     :excl=0                                                                  |
|            exclusive access                                                  |
|     :mg=0                                                                    |
|            monitor guest execution                                           |
|     :mh=0                                                                    |
|            monitor host execution                                            |
|     :cpu=0                                                                   |
|            CPU to program                                                    |
|     :pinned=0                                                                |
|            pin event to counters                                             |
--------------------------------------------------------------------------------
| perf::DTLB-PREFETCHES                                                        |
|            Data TLB prefetch accesses                                        |
|     :u=0                                                                     |
|            monitor at user level                                             |
|     :k=0                                                                     |
|            monitor at kernel level                                           |
|     :h=0                                                                     |
|            monitor at hypervisor level                                       |
|     :period=0                                                                |
|            sampling period                                                   |
|     :freq=0                                                                  |
|            sampling frequency (Hz)                                           |
|     :precise=0                                                               |
|            precise event sampling                                            |
|     :excl=0                                                                  |
|            exclusive access                                                  |
|     :mg=0                                                                    |
|            monitor guest execution                                           |
|     :mh=0                                                                    |
|            monitor host execution                                            |
|     :cpu=0                                                                   |
|            CPU to program                                                    |
|     :pinned=0                                                                |
|            pin event to counters                                             |
--------------------------------------------------------------------------------
| perf::DTLB-PREFETCH-MISSES                                                   |
|            Data TLB prefetch misses                                          |
|     :u=0                                                                     |
|            monitor at user level                                             |
|     :k=0                                                                     |
|            monitor at kernel level                                           |
|     :h=0                                                                     |
|            monitor at hypervisor level                                       |
|     :period=0                                                                |
|            sampling period                                                   |
|     :freq=0                                                                  |
|            sampling frequency (Hz)                                           |
|     :precise=0                                                               |
|            precise event sampling                                            |
|     :excl=0                                                                  |
|            exclusive access                                                  |
|     :mg=0                                                                    |
|            monitor guest execution                                           |
|     :mh=0                                                                    |
|            monitor host execution                                            |
|     :cpu=0                                                                   |
|            CPU to program                                                    |
|     :pinned=0                                                                |
|            pin event to counters                                             |
--------------------------------------------------------------------------------
| perf::PERF_COUNT_HW_CACHE_ITLB                                               |
|            Instruction Translation Lookaside Buffer                          |
|     :READ                                                                    |
|            read access                                                       |
|     :ACCESS                                                                  |
|            hit access                                                        |
|     :MISS                                                                    |
|            miss access                                                       |
|     :u=0                                                                     |
|            monitor at user level                                             |
|     :k=0                                                                     |
|            monitor at kernel level                                           |
|     :h=0                                                                     |
|            monitor at hypervisor level                                       |
|     :period=0                                                                |
|            sampling period                                                   |
|     :freq=0                                                                  |
|            sampling frequency (Hz)                                           |
|     :precise=0                                                               |
|            precise event sampling                                            |
|     :excl=0                                                                  |
|            exclusive access                                                  |
|     :mg=0                                                                    |
|            monitor guest execution                                           |
|     :mh=0                                                                    |
|            monitor host execution                                            |
|     :cpu=0                                                                   |
|            CPU to program                                                    |
|     :pinned=0                                                                |
|            pin event to counters                                             |
--------------------------------------------------------------------------------
| perf::ITLB-LOADS                                                             |
|            Instruction TLB load accesses                                     |
|     :u=0                                                                     |
|            monitor at user level                                             |
|     :k=0                                                                     |
|            monitor at kernel level                                           |
|     :h=0                                                                     |
|            monitor at hypervisor level                                       |
|     :period=0                                                                |
|            sampling period                                                   |
|     :freq=0                                                                  |
|            sampling frequency (Hz)                                           |
|     :precise=0                                                               |
|            precise event sampling                                            |
|     :excl=0                                                                  |
|            exclusive access                                                  |
|     :mg=0                                                                    |
|            monitor guest execution                                           |
|     :mh=0                                                                    |
|            monitor host execution                                            |
|     :cpu=0                                                                   |
|            CPU to program                                                    |
|     :pinned=0                                                                |
|            pin event to counters                                             |
--------------------------------------------------------------------------------
| perf::ITLB-LOAD-MISSES                                                       |
|            Instruction TLB load misses                                       |
|     :u=0                                                                     |
|            monitor at user level                                             |
|     :k=0                                                                     |
|            monitor at kernel level                                           |
|     :h=0                                                                     |
|            monitor at hypervisor level                                       |
|     :period=0                                                                |
|            sampling period                                                   |
|     :freq=0                                                                  |
|            sampling frequency (Hz)                                           |
|     :precise=0                                                               |
|            precise event sampling                                            |
|     :excl=0                                                                  |
|            exclusive access                                                  |
|     :mg=0                                                                    |
|            monitor guest execution                                           |
|     :mh=0                                                                    |
|            monitor host execution                                            |
|     :cpu=0                                                                   |
|            CPU to program                                                    |
|     :pinned=0                                                                |
|            pin event to counters                                             |
--------------------------------------------------------------------------------
| perf::PERF_COUNT_HW_CACHE_BPU                                                |
|            Branch Prediction Unit                                            |
|     :READ                                                                    |
|            read access                                                       |
|     :ACCESS                                                                  |
|            hit access                                                        |
|     :MISS                                                                    |
|            miss access                                                       |
|     :u=0                                                                     |
|            monitor at user level                                             |
|     :k=0                                                                     |
|            monitor at kernel level                                           |
|     :h=0                                                                     |
|            monitor at hypervisor level                                       |
|     :period=0                                                                |
|            sampling period                                                   |
|     :freq=0                                                                  |
|            sampling frequency (Hz)                                           |
|     :precise=0                                                               |
|            precise event sampling                                            |
|     :excl=0                                                                  |
|            exclusive access                                                  |
|     :mg=0                                                                    |
|            monitor guest execution                                           |
|     :mh=0                                                                    |
|            monitor host execution                                            |
|     :cpu=0                                                                   |
|            CPU to program                                                    |
|     :pinned=0                                                                |
|            pin event to counters                                             |
--------------------------------------------------------------------------------
| perf::BRANCH-LOADS                                                           |
|            Branch  load accesses                                             |
|     :u=0                                                                     |
|            monitor at user level                                             |
|     :k=0                                                                     |
|            monitor at kernel level                                           |
|     :h=0                                                                     |
|            monitor at hypervisor level                                       |
|     :period=0                                                                |
|            sampling period                                                   |
|     :freq=0                                                                  |
|            sampling frequency (Hz)                                           |
|     :precise=0                                                               |
|            precise event sampling                                            |
|     :excl=0                                                                  |
|            exclusive access                                                  |
|     :mg=0                                                                    |
|            monitor guest execution                                           |
|     :mh=0                                                                    |
|            monitor host execution                                            |
|     :cpu=0                                                                   |
|            CPU to program                                                    |
|     :pinned=0                                                                |
|            pin event to counters                                             |
--------------------------------------------------------------------------------
| perf::BRANCH-LOAD-MISSES                                                     |
|            Branch  load misses                                               |
|     :u=0                                                                     |
|            monitor at user level                                             |
|     :k=0                                                                     |
|            monitor at kernel level                                           |
|     :h=0                                                                     |
|            monitor at hypervisor level                                       |
|     :period=0                                                                |
|            sampling period                                                   |
|     :freq=0                                                                  |
|            sampling frequency (Hz)                                           |
|     :precise=0                                                               |
|            precise event sampling                                            |
|     :excl=0                                                                  |
|            exclusive access                                                  |
|     :mg=0                                                                    |
|            monitor guest execution                                           |
|     :mh=0                                                                    |
|            monitor host execution                                            |
|     :cpu=0                                                                   |
|            CPU to program                                                    |
|     :pinned=0                                                                |
|            pin event to counters                                             |
--------------------------------------------------------------------------------
| perf::PERF_COUNT_HW_CACHE_NODE                                               |
|            Node memory access                                                |
|     :READ                                                                    |
|            read access                                                       |
|     :WRITE                                                                   |
|            write access                                                      |
|     :PREFETCH                                                                |
|            prefetch access                                                   |
|     :ACCESS                                                                  |
|            hit access                                                        |
|     :MISS                                                                    |
|            miss access                                                       |
|     :u=0                                                                     |
|            monitor at user level                                             |
|     :k=0                                                                     |
|            monitor at kernel level                                           |
|     :h=0                                                                     |
|            monitor at hypervisor level                                       |
|     :period=0                                                                |
|            sampling period                                                   |
|     :freq=0                                                                  |
|            sampling frequency (Hz)                                           |
|     :precise=0                                                               |
|            precise event sampling                                            |
|     :excl=0                                                                  |
|            exclusive access                                                  |
|     :mg=0                                                                    |
|            monitor guest execution                                           |
|     :mh=0                                                                    |
|            monitor host execution                                            |
|     :cpu=0                                                                   |
|            CPU to program                                                    |
|     :pinned=0                                                                |
|            pin event to counters                                             |
--------------------------------------------------------------------------------
| perf::NODE-LOADS                                                             |
|            Node  load accesses                                               |
|     :u=0                                                                     |
|            monitor at user level                                             |
|     :k=0                                                                     |
|            monitor at kernel level                                           |
|     :h=0                                                                     |
|            monitor at hypervisor level                                       |
|     :period=0                                                                |
|            sampling period                                                   |
|     :freq=0                                                                  |
|            sampling frequency (Hz)                                           |
|     :precise=0                                                               |
|            precise event sampling                                            |
|     :excl=0                                                                  |
|            exclusive access                                                  |
|     :mg=0                                                                    |
|            monitor guest execution                                           |
|     :mh=0                                                                    |
|            monitor host execution                                            |
|     :cpu=0                                                                   |
|            CPU to program                                                    |
|     :pinned=0                                                                |
|            pin event to counters                                             |
--------------------------------------------------------------------------------
| perf::NODE-LOAD-MISSES                                                       |
|            Node  load misses                                                 |
|     :u=0                                                                     |
|            monitor at user level                                             |
|     :k=0                                                                     |
|            monitor at kernel level                                           |
|     :h=0                                                                     |
|            monitor at hypervisor level                                       |
|     :period=0                                                                |
|            sampling period                                                   |
|     :freq=0                                                                  |
|            sampling frequency (Hz)                                           |
|     :precise=0                                                               |
|            precise event sampling                                            |
|     :excl=0                                                                  |
|            exclusive access                                                  |
|     :mg=0                                                                    |
|            monitor guest execution                                           |
|     :mh=0                                                                    |
|            monitor host execution                                            |
|     :cpu=0                                                                   |
|            CPU to program                                                    |
|     :pinned=0                                                                |
|            pin event to counters                                             |
--------------------------------------------------------------------------------
| perf::NODE-STORES                                                            |
|            Node  store accesses                                              |
|     :u=0                                                                     |
|            monitor at user level                                             |
|     :k=0                                                                     |
|            monitor at kernel level                                           |
|     :h=0                                                                     |
|            monitor at hypervisor level                                       |
|     :period=0                                                                |
|            sampling period                                                   |
|     :freq=0                                                                  |
|            sampling frequency (Hz)                                           |
|     :precise=0                                                               |
|            precise event sampling                                            |
|     :excl=0                                                                  |
|            exclusive access                                                  |
|     :mg=0                                                                    |
|            monitor guest execution                                           |
|     :mh=0                                                                    |
|            monitor host execution                                            |
|     :cpu=0                                                                   |
|            CPU to program                                                    |
|     :pinned=0                                                                |
|            pin event to counters                                             |
--------------------------------------------------------------------------------
| perf::NODE-STORE-MISSES                                                      |
|            Node  store misses                                                |
|     :u=0                                                                     |
|            monitor at user level                                             |
|     :k=0                                                                     |
|            monitor at kernel level                                           |
|     :h=0                                                                     |
|            monitor at hypervisor level                                       |
|     :period=0                                                                |
|            sampling period                                                   |
|     :freq=0                                                                  |
|            sampling frequency (Hz)                                           |
|     :precise=0                                                               |
|            precise event sampling                                            |
|     :excl=0                                                                  |
|            exclusive access                                                  |
|     :mg=0                                                                    |
|            monitor guest execution                                           |
|     :mh=0                                                                    |
|            monitor host execution                                            |
|     :cpu=0                                                                   |
|            CPU to program                                                    |
|     :pinned=0                                                                |
|            pin event to counters                                             |
--------------------------------------------------------------------------------
| perf::NODE-PREFETCHES                                                        |
|            Node  prefetch accesses                                           |
|     :u=0                                                                     |
|            monitor at user level                                             |
|     :k=0                                                                     |
|            monitor at kernel level                                           |
|     :h=0                                                                     |
|            monitor at hypervisor level                                       |
|     :period=0                                                                |
|            sampling period                                                   |
|     :freq=0                                                                  |
|            sampling frequency (Hz)                                           |
|     :precise=0                                                               |
|            precise event sampling                                            |
|     :excl=0                                                                  |
|            exclusive access                                                  |
|     :mg=0                                                                    |
|            monitor guest execution                                           |
|     :mh=0                                                                    |
|            monitor host execution                                            |
|     :cpu=0                                                                   |
|            CPU to program                                                    |
|     :pinned=0                                                                |
|            pin event to counters                                             |
--------------------------------------------------------------------------------
| perf::NODE-PREFETCH-MISSES                                                   |
|            Node  prefetch misses                                             |
|     :u=0                                                                     |
|            monitor at user level                                             |
|     :k=0                                                                     |
|            monitor at kernel level                                           |
|     :h=0                                                                     |
|            monitor at hypervisor level                                       |
|     :period=0                                                                |
|            sampling period                                                   |
|     :freq=0                                                                  |
|            sampling frequency (Hz)                                           |
|     :precise=0                                                               |
|            precise event sampling                                            |
|     :excl=0                                                                  |
|            exclusive access                                                  |
|     :mg=0                                                                    |
|            monitor guest execution                                           |
|     :mh=0                                                                    |
|            monitor host execution                                            |
|     :cpu=0                                                                   |
|            CPU to program                                                    |
|     :pinned=0                                                                |
|            pin event to counters                                             |
--------------------------------------------------------------------------------
| perf_raw::r0000                                                              |
|            perf_events raw event syntax: r[0-9a-fA-F]+                       |
|     :u=0                                                                     |
|            monitor at user level                                             |
|     :k=0                                                                     |
|            monitor at kernel level                                           |
|     :h=0                                                                     |
|            monitor at hypervisor level                                       |
|     :period=0                                                                |
|            sampling period                                                   |
|     :freq=0                                                                  |
|            sampling frequency (Hz)                                           |
|     :precise=0                                                               |
|            precise event sampling                                            |
|     :excl=0                                                                  |
|            exclusive access                                                  |
|     :mg=0                                                                    |
|            monitor guest execution                                           |
|     :mh=0                                                                    |
|            monitor host execution                                            |
|     :cpu=0                                                                   |
|            CPU to program                                                    |
|     :pinned=0                                                                |
|            pin event to counters                                             |
|     :hw_smpl=0                                                               |
|            enable hardware sampling                                          |
--------------------------------------------------------------------------------
| SW_INCR                                                                      |
|            Instruction architecturally executed (condition check pass) softwa|
|            re increment                                                      |
|     :u=0                                                                     |
|            monitor at user level                                             |
|     :k=0                                                                     |
|            monitor at kernel level                                           |
|     :h=0                                                                     |
|            monitor at hypervisor level                                       |
|     :period=0                                                                |
|            sampling period                                                   |
|     :freq=0                                                                  |
|            sampling frequency (Hz)                                           |
|     :excl=0                                                                  |
|            exclusive access                                                  |
|     :mg=0                                                                    |
|            monitor guest execution                                           |
|     :mh=0                                                                    |
|            monitor host execution                                            |
|     :cpu=0                                                                   |
|            CPU to program                                                    |
|     :pinned=0                                                                |
|            pin event to counters                                             |
--------------------------------------------------------------------------------
| L1I_CACHE_REFILL                                                             |
|            Level 1 instruction cache refills                                 |
|     :u=0                                                                     |
|            monitor at user level                                             |
|     :k=0                                                                     |
|            monitor at kernel level                                           |
|     :h=0                                                                     |
|            monitor at hypervisor level                                       |
|     :period=0                                                                |
|            sampling period                                                   |
|     :freq=0                                                                  |
|            sampling frequency (Hz)                                           |
|     :excl=0                                                                  |
|            exclusive access                                                  |
|     :mg=0                                                                    |
|            monitor guest execution                                           |
|     :mh=0                                                                    |
|            monitor host execution                                            |
|     :cpu=0                                                                   |
|            CPU to program                                                    |
|     :pinned=0                                                                |
|            pin event to counters                                             |
--------------------------------------------------------------------------------
| L1I_TLB_REFILL                                                               |
|            Level 1 instruction TLB refills                                   |
|     :u=0                                                                     |
|            monitor at user level                                             |
|     :k=0                                                                     |
|            monitor at kernel level                                           |
|     :h=0                                                                     |
|            monitor at hypervisor level                                       |
|     :period=0                                                                |
|            sampling period                                                   |
|     :freq=0                                                                  |
|            sampling frequency (Hz)                                           |
|     :excl=0                                                                  |
|            exclusive access                                                  |
|     :mg=0                                                                    |
|            monitor guest execution                                           |
|     :mh=0                                                                    |
|            monitor host execution                                            |
|     :cpu=0                                                                   |
|            CPU to program                                                    |
|     :pinned=0                                                                |
|            pin event to counters                                             |
--------------------------------------------------------------------------------
| L1D_CACHE_REFILL                                                             |
|            Level 1 data cache refills                                        |
|     :u=0                                                                     |
|            monitor at user level                                             |
|     :k=0                                                                     |
|            monitor at kernel level                                           |
|     :h=0                                                                     |
|            monitor at hypervisor level                                       |
|     :period=0                                                                |
|            sampling period                                                   |
|     :freq=0                                                                  |
|            sampling frequency (Hz)                                           |
|     :excl=0                                                                  |
|            exclusive access                                                  |
|     :mg=0                                                                    |
|            monitor guest execution                                           |
|     :mh=0                                                                    |
|            monitor host execution                                            |
|     :cpu=0                                                                   |
|            CPU to program                                                    |
|     :pinned=0                                                                |
|            pin event to counters                                             |
--------------------------------------------------------------------------------
| L1D_CACHE                                                                    |
|            Level 1 data cache accesses                                       |
|     :u=0                                                                     |
|            monitor at user level                                             |
|     :k=0                                                                     |
|            monitor at kernel level                                           |
|     :h=0                                                                     |
|            monitor at hypervisor level                                       |
|     :period=0                                                                |
|            sampling period                                                   |
|     :freq=0                                                                  |
|            sampling frequency (Hz)                                           |
|     :excl=0                                                                  |
|            exclusive access                                                  |
|     :mg=0                                                                    |
|            monitor guest execution                                           |
|     :mh=0                                                                    |
|            monitor host execution                                            |
|     :cpu=0                                                                   |
|            CPU to program                                                    |
|     :pinned=0                                                                |
|            pin event to counters                                             |
--------------------------------------------------------------------------------
| L1D_TLB_REFILL                                                               |
|            Level 1 data TLB refills                                          |
|     :u=0                                                                     |
|            monitor at user level                                             |
|     :k=0                                                                     |
|            monitor at kernel level                                           |
|     :h=0                                                                     |
|            monitor at hypervisor level                                       |
|     :period=0                                                                |
|            sampling period                                                   |
|     :freq=0                                                                  |
|            sampling frequency (Hz)                                           |
|     :excl=0                                                                  |
|            exclusive access                                                  |
|     :mg=0                                                                    |
|            monitor guest execution                                           |
|     :mh=0                                                                    |
|            monitor host execution                                            |
|     :cpu=0                                                                   |
|            CPU to program                                                    |
|     :pinned=0                                                                |
|            pin event to counters                                             |
--------------------------------------------------------------------------------
| INST_RETIRED                                                                 |
|            Instructions architecturally executed                             |
|     :u=0                                                                     |
|            monitor at user level                                             |
|     :k=0                                                                     |
|            monitor at kernel level                                           |
|     :h=0                                                                     |
|            monitor at hypervisor level                                       |
|     :period=0                                                                |
|            sampling period                                                   |
|     :freq=0                                                                  |
|            sampling frequency (Hz)                                           |
|     :excl=0                                                                  |
|            exclusive access                                                  |
|     :mg=0                                                                    |
|            monitor guest execution                                           |
|     :mh=0                                                                    |
|            monitor host execution                                            |
|     :cpu=0                                                                   |
|            CPU to program                                                    |
|     :pinned=0                                                                |
|            pin event to counters                                             |
--------------------------------------------------------------------------------
| EXC_TAKEN                                                                    |
|            Exceptions taken                                                  |
|     :u=0                                                                     |
|            monitor at user level                                             |
|     :k=0                                                                     |
|            monitor at kernel level                                           |
|     :h=0                                                                     |
|            monitor at hypervisor level                                       |
|     :period=0                                                                |
|            sampling period                                                   |
|     :freq=0                                                                  |
|            sampling frequency (Hz)                                           |
|     :excl=0                                                                  |
|            exclusive access                                                  |
|     :mg=0                                                                    |
|            monitor guest execution                                           |
|     :mh=0                                                                    |
|            monitor host execution                                            |
|     :cpu=0                                                                   |
|            CPU to program                                                    |
|     :pinned=0                                                                |
|            pin event to counters                                             |
--------------------------------------------------------------------------------
| EXC_RETURN                                                                   |
|            Instructions architecturally executed (condition check pass) - Exc|
|            eption return                                                     |
|     :u=0                                                                     |
|            monitor at user level                                             |
|     :k=0                                                                     |
|            monitor at kernel level                                           |
|     :h=0                                                                     |
|            monitor at hypervisor level                                       |
|     :period=0                                                                |
|            sampling period                                                   |
|     :freq=0                                                                  |
|            sampling frequency (Hz)                                           |
|     :excl=0                                                                  |
|            exclusive access                                                  |
|     :mg=0                                                                    |
|            monitor guest execution                                           |
|     :mh=0                                                                    |
|            monitor host execution                                            |
|     :cpu=0                                                                   |
|            CPU to program                                                    |
|     :pinned=0                                                                |
|            pin event to counters                                             |
--------------------------------------------------------------------------------
| CID_WRITE_RETIRED                                                            |
|            Instructions architecturally executed (condition check pass) - Wri|
|            te to CONTEXTIDR                                                  |
|     :u=0                                                                     |
|            monitor at user level                                             |
|     :k=0                                                                     |
|            monitor at kernel level                                           |
|     :h=0                                                                     |
|            monitor at hypervisor level                                       |
|     :period=0                                                                |
|            sampling period                                                   |
|     :freq=0                                                                  |
|            sampling frequency (Hz)                                           |
|     :excl=0                                                                  |
|            exclusive access                                                  |
|     :mg=0                                                                    |
|            monitor guest execution                                           |
|     :mh=0                                                                    |
|            monitor host execution                                            |
|     :cpu=0                                                                   |
|            CPU to program                                                    |
|     :pinned=0                                                                |
|            pin event to counters                                             |
--------------------------------------------------------------------------------
| BR_MIS_PRED                                                                  |
|            Mispredicted or not predicted branches speculatively executed     |
|     :u=0                                                                     |
|            monitor at user level                                             |
|     :k=0                                                                     |
|            monitor at kernel level                                           |
|     :h=0                                                                     |
|            monitor at hypervisor level                                       |
|     :period=0                                                                |
|            sampling period                                                   |
|     :freq=0                                                                  |
|            sampling frequency (Hz)                                           |
|     :excl=0                                                                  |
|            exclusive access                                                  |
|     :mg=0                                                                    |
|            monitor guest execution                                           |
|     :mh=0                                                                    |
|            monitor host execution                                            |
|     :cpu=0                                                                   |
|            CPU to program                                                    |
|     :pinned=0                                                                |
|            pin event to counters                                             |
--------------------------------------------------------------------------------
| CPU_CYCLES                                                                   |
|            Cycles                                                            |
|     :u=0                                                                     |
|            monitor at user level                                             |
|     :k=0                                                                     |
|            monitor at kernel level                                           |
|     :h=0                                                                     |
|            monitor at hypervisor level                                       |
|     :period=0                                                                |
|            sampling period                                                   |
|     :freq=0                                                                  |
|            sampling frequency (Hz)                                           |
|     :excl=0                                                                  |
|            exclusive access                                                  |
|     :mg=0                                                                    |
|            monitor guest execution                                           |
|     :mh=0                                                                    |
|            monitor host execution                                            |
|     :cpu=0                                                                   |
|            CPU to program                                                    |
|     :pinned=0                                                                |
|            pin event to counters                                             |
--------------------------------------------------------------------------------
| BR_PRED                                                                      |
|            Predictable branches speculatively executed                       |
|     :u=0                                                                     |
|            monitor at user level                                             |
|     :k=0                                                                     |
|            monitor at kernel level                                           |
|     :h=0                                                                     |
|            monitor at hypervisor level                                       |
|     :period=0                                                                |
|            sampling period                                                   |
|     :freq=0                                                                  |
|            sampling frequency (Hz)                                           |
|     :excl=0                                                                  |
|            exclusive access                                                  |
|     :mg=0                                                                    |
|            monitor guest execution                                           |
|     :mh=0                                                                    |
|            monitor host execution                                            |
|     :cpu=0                                                                   |
|            CPU to program                                                    |
|     :pinned=0                                                                |
|            pin event to counters                                             |
--------------------------------------------------------------------------------
| MEM_ACCESS                                                                   |
|            Data memory accesses                                              |
|     :u=0                                                                     |
|            monitor at user level                                             |
|     :k=0                                                                     |
|            monitor at kernel level                                           |
|     :h=0                                                                     |
|            monitor at hypervisor level                                       |
|     :period=0                                                                |
|            sampling period                                                   |
|     :freq=0                                                                  |
|            sampling frequency (Hz)                                           |
|     :excl=0                                                                  |
|            exclusive access                                                  |
|     :mg=0                                                                    |
|            monitor guest execution                                           |
|     :mh=0                                                                    |
|            monitor host execution                                            |
|     :cpu=0                                                                   |
|            CPU to program                                                    |
|     :pinned=0                                                                |
|            pin event to counters                                             |
--------------------------------------------------------------------------------
| L1I_CACHE_ACCESS                                                             |
|            Level 1 instruction cache accesses (deprecated)                   |
|     :u=0                                                                     |
|            monitor at user level                                             |
|     :k=0                                                                     |
|            monitor at kernel level                                           |
|     :h=0                                                                     |
|            monitor at hypervisor level                                       |
|     :period=0                                                                |
|            sampling period                                                   |
|     :freq=0                                                                  |
|            sampling frequency (Hz)                                           |
|     :excl=0                                                                  |
|            exclusive access                                                  |
|     :mg=0                                                                    |
|            monitor guest execution                                           |
|     :mh=0                                                                    |
|            monitor host execution                                            |
|     :cpu=0                                                                   |
|            CPU to program                                                    |
|     :pinned=0                                                                |
|            pin event to counters                                             |
--------------------------------------------------------------------------------
| L1I_CACHE                                                                    |
|            Level 1 instruction cache accesses                                |
|     :u=0                                                                     |
|            monitor at user level                                             |
|     :k=0                                                                     |
|            monitor at kernel level                                           |
|     :h=0                                                                     |
|            monitor at hypervisor level                                       |
|     :period=0                                                                |
|            sampling period                                                   |
|     :freq=0                                                                  |
|            sampling frequency (Hz)                                           |
|     :excl=0                                                                  |
|            exclusive access                                                  |
|     :mg=0                                                                    |
|            monitor guest execution                                           |
|     :mh=0                                                                    |
|            monitor host execution                                            |
|     :cpu=0                                                                   |
|            CPU to program                                                    |
|     :pinned=0                                                                |
|            pin event to counters                                             |
--------------------------------------------------------------------------------
| L1D_CACHE_WB                                                                 |
|            Level 1 data cache write-backs                                    |
|     :u=0                                                                     |
|            monitor at user level                                             |
|     :k=0                                                                     |
|            monitor at kernel level                                           |
|     :h=0                                                                     |
|            monitor at hypervisor level                                       |
|     :period=0                                                                |
|            sampling period                                                   |
|     :freq=0                                                                  |
|            sampling frequency (Hz)                                           |
|     :excl=0                                                                  |
|            exclusive access                                                  |
|     :mg=0                                                                    |
|            monitor guest execution                                           |
|     :mh=0                                                                    |
|            monitor host execution                                            |
|     :cpu=0                                                                   |
|            CPU to program                                                    |
|     :pinned=0                                                                |
|            pin event to counters                                             |
--------------------------------------------------------------------------------
| L2D_CACHE                                                                    |
|            Level 2 data cache accesses                                       |
|     :u=0                                                                     |
|            monitor at user level                                             |
|     :k=0                                                                     |
|            monitor at kernel level                                           |
|     :h=0                                                                     |
|            monitor at hypervisor level                                       |
|     :period=0                                                                |
|            sampling period                                                   |
|     :freq=0                                                                  |
|            sampling frequency (Hz)                                           |
|     :excl=0                                                                  |
|            exclusive access                                                  |
|     :mg=0                                                                    |
|            monitor guest execution                                           |
|     :mh=0                                                                    |
|            monitor host execution                                            |
|     :cpu=0                                                                   |
|            CPU to program                                                    |
|     :pinned=0                                                                |
|            pin event to counters                                             |
--------------------------------------------------------------------------------
| L2D_CACHE_REFILL                                                             |
|            Level 2 data cache refills                                        |
|     :u=0                                                                     |
|            monitor at user level                                             |
|     :k=0                                                                     |
|            monitor at kernel level                                           |
|     :h=0                                                                     |
|            monitor at hypervisor level                                       |
|     :period=0                                                                |
|            sampling period                                                   |
|     :freq=0                                                                  |
|            sampling frequency (Hz)                                           |
|     :excl=0                                                                  |
|            exclusive access                                                  |
|     :mg=0                                                                    |
|            monitor guest execution                                           |
|     :mh=0                                                                    |
|            monitor host execution                                            |
|     :cpu=0                                                                   |
|            CPU to program                                                    |
|     :pinned=0                                                                |
|            pin event to counters                                             |
--------------------------------------------------------------------------------
| L2D_CACHE_WB                                                                 |
|            Level 2 data cache write-backs                                    |
|     :u=0                                                                     |
|            monitor at user level                                             |
|     :k=0                                                                     |
|            monitor at kernel level                                           |
|     :h=0                                                                     |
|            monitor at hypervisor level                                       |
|     :period=0                                                                |
|            sampling period                                                   |
|     :freq=0                                                                  |
|            sampling frequency (Hz)                                           |
|     :excl=0                                                                  |
|            exclusive access                                                  |
|     :mg=0                                                                    |
|            monitor guest execution                                           |
|     :mh=0                                                                    |
|            monitor host execution                                            |
|     :cpu=0                                                                   |
|            CPU to program                                                    |
|     :pinned=0                                                                |
|            pin event to counters                                             |
--------------------------------------------------------------------------------
| BUS_ACCESS                                                                   |
|            Bus access This event counts for every beat of data transferred ov|
|            er the data channels between the core and the Snoop Control Unit (|
|            SCU). If both read and write data beats are transferred on a given|
|             cycle, this event is counted twice on that cycle. This event coun|
|            ts the sum of BUS_ACCESS_RD, BUS_ACCESS_WR, and any snoop data res|
|            ponses                                                            |
|     :u=0                                                                     |
|            monitor at user level                                             |
|     :k=0                                                                     |
|            monitor at kernel level                                           |
|     :h=0                                                                     |
|            monitor at hypervisor level                                       |
|     :period=0                                                                |
|            sampling period                                                   |
|     :freq=0                                                                  |
|            sampling frequency (Hz)                                           |
|     :excl=0                                                                  |
|            exclusive access                                                  |
|     :mg=0                                                                    |
|            monitor guest execution                                           |
|     :mh=0                                                                    |
|            monitor host execution                                            |
|     :cpu=0                                                                   |
|            CPU to program                                                    |
|     :pinned=0                                                                |
|            pin event to counters                                             |
--------------------------------------------------------------------------------
| MEMORY_ERROR                                                                 |
|            Local memory error This event counts any correctable or uncorrecta|
|            ble memory error (ECC or parity) in the protected core RAMs       |
|     :u=0                                                                     |
|            monitor at user level                                             |
|     :k=0                                                                     |
|            monitor at kernel level                                           |
|     :h=0                                                                     |
|            monitor at hypervisor level                                       |
|     :period=0                                                                |
|            sampling period                                                   |
|     :freq=0                                                                  |
|            sampling frequency (Hz)                                           |
|     :excl=0                                                                  |
|            exclusive access                                                  |
|     :mg=0                                                                    |
|            monitor guest execution                                           |
|     :mh=0                                                                    |
|            monitor host execution                                            |
|     :cpu=0                                                                   |
|            CPU to program                                                    |
|     :pinned=0                                                                |
|            pin event to counters                                             |
--------------------------------------------------------------------------------
| INST_SPEC                                                                    |
|            Instructions speculatively executed                               |
|     :u=0                                                                     |
|            monitor at user level                                             |
|     :k=0                                                                     |
|            monitor at kernel level                                           |
|     :h=0                                                                     |
|            monitor at hypervisor level                                       |
|     :period=0                                                                |
|            sampling period                                                   |
|     :freq=0                                                                  |
|            sampling frequency (Hz)                                           |
|     :excl=0                                                                  |
|            exclusive access                                                  |
|     :mg=0                                                                    |
|            monitor guest execution                                           |
|     :mh=0                                                                    |
|            monitor host execution                                            |
|     :cpu=0                                                                   |
|            CPU to program                                                    |
|     :pinned=0                                                                |
|            pin event to counters                                             |
--------------------------------------------------------------------------------
| TTBR_WRITE_RETIRED                                                           |
|            Instruction architecturally executed, condition code check pass, w|
|            rite to TTBR This event only counts writes to TTBR0_EL1/TTBR1_EL1.|
|             Accesses to TTBR0_EL12/TTBR1_EL12 or TTBR0_EL2/TTBR1_EL2 are not |
|            counted                                                           |
|     :u=0                                                                     |
|            monitor at user level                                             |
|     :k=0                                                                     |
|            monitor at kernel level                                           |
|     :h=0                                                                     |
|            monitor at hypervisor level                                       |
|     :period=0                                                                |
|            sampling period                                                   |
|     :freq=0                                                                  |
|            sampling frequency (Hz)                                           |
|     :excl=0                                                                  |
|            exclusive access                                                  |
|     :mg=0                                                                    |
|            monitor guest execution                                           |
|     :mh=0                                                                    |
|            monitor host execution                                            |
|     :cpu=0                                                                   |
|            CPU to program                                                    |
|     :pinned=0                                                                |
|            pin event to counters                                             |
--------------------------------------------------------------------------------
| BUS_MASTER_CYCLE                                                             |
|            Bus cycles. This event duplicate cycles                           |
|     :u=0                                                                     |
|            monitor at user level                                             |
|     :k=0                                                                     |
|            monitor at kernel level                                           |
|     :h=0                                                                     |
|            monitor at hypervisor level                                       |
|     :period=0                                                                |
|            sampling period                                                   |
|     :freq=0                                                                  |
|            sampling frequency (Hz)                                           |
|     :excl=0                                                                  |
|            exclusive access                                                  |
|     :mg=0                                                                    |
|            monitor guest execution                                           |
|     :mh=0                                                                    |
|            monitor host execution                                            |
|     :cpu=0                                                                   |
|            CPU to program                                                    |
|     :pinned=0                                                                |
|            pin event to counters                                             |
--------------------------------------------------------------------------------
| COUNTER_OVERFLOW                                                             |
|            For odd-numbered counters, this event increments the count by one |
|            for each overflow of the preceding even-numbered counter. For even|
|            -numbered counters, there is no increment                         |
|     :u=0                                                                     |
|            monitor at user level                                             |
|     :k=0                                                                     |
|            monitor at kernel level                                           |
|     :h=0                                                                     |
|            monitor at hypervisor level                                       |
|     :period=0                                                                |
|            sampling period                                                   |
|     :freq=0                                                                  |
|            sampling frequency (Hz)                                           |
|     :excl=0                                                                  |
|            exclusive access                                                  |
|     :mg=0                                                                    |
|            monitor guest execution                                           |
|     :mh=0                                                                    |
|            monitor host execution                                            |
|     :cpu=0                                                                   |
|            CPU to program                                                    |
|     :pinned=0                                                                |
|            pin event to counters                                             |
--------------------------------------------------------------------------------
| L2D_CACHE_ALLOCATE                                                           |
|            Level 2 data/unified cache allocations without refill             |
|     :u=0                                                                     |
|            monitor at user level                                             |
|     :k=0                                                                     |
|            monitor at kernel level                                           |
|     :h=0                                                                     |
|            monitor at hypervisor level                                       |
|     :period=0                                                                |
|            sampling period                                                   |
|     :freq=0                                                                  |
|            sampling frequency (Hz)                                           |
|     :excl=0                                                                  |
|            exclusive access                                                  |
|     :mg=0                                                                    |
|            monitor guest execution                                           |
|     :mh=0                                                                    |
|            monitor host execution                                            |
|     :cpu=0                                                                   |
|            CPU to program                                                    |
|     :pinned=0                                                                |
|            pin event to counters                                             |
--------------------------------------------------------------------------------
| BR_RETIRED                                                                   |
|            Counts all branches on the architecturally executed path that woul|
|            d incur cost if mispredicted                                      |
|     :u=0                                                                     |
|            monitor at user level                                             |
|     :k=0                                                                     |
|            monitor at kernel level                                           |
|     :h=0                                                                     |
|            monitor at hypervisor level                                       |
|     :period=0                                                                |
|            sampling period                                                   |
|     :freq=0                                                                  |
|            sampling frequency (Hz)                                           |
|     :excl=0                                                                  |
|            exclusive access                                                  |
|     :mg=0                                                                    |
|            monitor guest execution                                           |
|     :mh=0                                                                    |
|            monitor host execution                                            |
|     :cpu=0                                                                   |
|            CPU to program                                                    |
|     :pinned=0                                                                |
|            pin event to counters                                             |
--------------------------------------------------------------------------------
| BR_MIS_PRED_RETIRED                                                          |
|            Instructions executed, mis-predicted branch. All instructions coun|
|            ted by BR_RETIRED that were not correctly predicted               |
|     :u=0                                                                     |
|            monitor at user level                                             |
|     :k=0                                                                     |
|            monitor at kernel level                                           |
|     :h=0                                                                     |
|            monitor at hypervisor level                                       |
|     :period=0                                                                |
|            sampling period                                                   |
|     :freq=0                                                                  |
|            sampling frequency (Hz)                                           |
|     :excl=0                                                                  |
|            exclusive access                                                  |
|     :mg=0                                                                    |
|            monitor guest execution                                           |
|     :mh=0                                                                    |
|            monitor host execution                                            |
|     :cpu=0                                                                   |
|            CPU to program                                                    |
|     :pinned=0                                                                |
|            pin event to counters                                             |
--------------------------------------------------------------------------------
| STALL_FRONTEND                                                               |
|            Cycles in which no operation issued because there were no operatio|
|            ns to issue                                                       |
|     :u=0                                                                     |
|            monitor at user level                                             |
|     :k=0                                                                     |
|            monitor at kernel level                                           |
|     :h=0                                                                     |
|            monitor at hypervisor level                                       |
|     :period=0                                                                |
|            sampling period                                                   |
|     :freq=0                                                                  |
|            sampling frequency (Hz)                                           |
|     :excl=0                                                                  |
|            exclusive access                                                  |
|     :mg=0                                                                    |
|            monitor guest execution                                           |
|     :mh=0                                                                    |
|            monitor host execution                                            |
|     :cpu=0                                                                   |
|            CPU to program                                                    |
|     :pinned=0                                                                |
|            pin event to counters                                             |
--------------------------------------------------------------------------------
| STALL_BACKEND                                                                |
|            Cycles in which no operation issued due to back-end resources bein|
|            g unavailable                                                     |
|     :u=0                                                                     |
|            monitor at user level                                             |
|     :k=0                                                                     |
|            monitor at kernel level                                           |
|     :h=0                                                                     |
|            monitor at hypervisor level                                       |
|     :period=0                                                                |
|            sampling period                                                   |
|     :freq=0                                                                  |
|            sampling frequency (Hz)                                           |
|     :excl=0                                                                  |
|            exclusive access                                                  |
|     :mg=0                                                                    |
|            monitor guest execution                                           |
|     :mh=0                                                                    |
|            monitor host execution                                            |
|     :cpu=0                                                                   |
|            CPU to program                                                    |
|     :pinned=0                                                                |
|            pin event to counters                                             |
--------------------------------------------------------------------------------
| L1D_TLB                                                                      |
|            Level 1 data TLB accesses                                         |
|     :u=0                                                                     |
|            monitor at user level                                             |
|     :k=0                                                                     |
|            monitor at kernel level                                           |
|     :h=0                                                                     |
|            monitor at hypervisor level                                       |
|     :period=0                                                                |
|            sampling period                                                   |
|     :freq=0                                                                  |
|            sampling frequency (Hz)                                           |
|     :excl=0                                                                  |
|            exclusive access                                                  |
|     :mg=0                                                                    |
|            monitor guest execution                                           |
|     :mh=0                                                                    |
|            monitor host execution                                            |
|     :cpu=0                                                                   |
|            CPU to program                                                    |
|     :pinned=0                                                                |
|            pin event to counters                                             |
--------------------------------------------------------------------------------
| L1I_TLB                                                                      |
|            Instruction TLB accesses                                          |
|     :u=0                                                                     |
|            monitor at user level                                             |
|     :k=0                                                                     |
|            monitor at kernel level                                           |
|     :h=0                                                                     |
|            monitor at hypervisor level                                       |
|     :period=0                                                                |
|            sampling period                                                   |
|     :freq=0                                                                  |
|            sampling frequency (Hz)                                           |
|     :excl=0                                                                  |
|            exclusive access                                                  |
|     :mg=0                                                                    |
|            monitor guest execution                                           |
|     :mh=0                                                                    |
|            monitor host execution                                            |
|     :cpu=0                                                                   |
|            CPU to program                                                    |
|     :pinned=0                                                                |
|            pin event to counters                                             |
--------------------------------------------------------------------------------
| L3D_CACHE_ALLOCATE                                                           |
|            Attributable L3 cache allocation without refill This event counts |
|            any full cache line write into the L3 cache which does not cause a|
|             linefill, including Write-Backs from L2 to L3 and full-line write|
|            s which do not allocate into L2                                   |
|     :u=0                                                                     |
|            monitor at user level                                             |
|     :k=0                                                                     |
|            monitor at kernel level                                           |
|     :h=0                                                                     |
|            monitor at hypervisor level                                       |
|     :period=0                                                                |
|            sampling period                                                   |
|     :freq=0                                                                  |
|            sampling frequency (Hz)                                           |
|     :excl=0                                                                  |
|            exclusive access                                                  |
|     :mg=0                                                                    |
|            monitor guest execution                                           |
|     :mh=0                                                                    |
|            monitor host execution                                            |
|     :cpu=0                                                                   |
|            CPU to program                                                    |
|     :pinned=0                                                                |
|            pin event to counters                                             |
--------------------------------------------------------------------------------
| L3D_CACHE_REFILL                                                             |
|            Attributable L3 cache refill This event counts for any cacheable r|
|            ead transaction returning data from the SCU for which the data sou|
|            rce was outside the cluster. Transactions such as ReadUnique are c|
|            ounted as read transactions, even though they can be generated by |
|            store instructions                                                |
|     :u=0                                                                     |
|            monitor at user level                                             |
|     :k=0                                                                     |
|            monitor at kernel level                                           |
|     :h=0                                                                     |
|            monitor at hypervisor level                                       |
|     :period=0                                                                |
|            sampling period                                                   |
|     :freq=0                                                                  |
|            sampling frequency (Hz)                                           |
|     :excl=0                                                                  |
|            exclusive access                                                  |
|     :mg=0                                                                    |
|            monitor guest execution                                           |
|     :mh=0                                                                    |
|            monitor host execution                                            |
|     :cpu=0                                                                   |
|            CPU to program                                                    |
|     :pinned=0                                                                |
|            pin event to counters                                             |
--------------------------------------------------------------------------------
| L3D_CACHE                                                                    |
|            Attributable L3 cache access This event counts for any cacheable r|
|            ead transaction returning data from the SCU, or for any cacheable |
|            write to the SCU                                                  |
|     :u=0                                                                     |
|            monitor at user level                                             |
|     :k=0                                                                     |
|            monitor at kernel level                                           |
|     :h=0                                                                     |
|            monitor at hypervisor level                                       |
|     :period=0                                                                |
|            sampling period                                                   |
|     :freq=0                                                                  |
|            sampling frequency (Hz)                                           |
|     :excl=0                                                                  |
|            exclusive access                                                  |
|     :mg=0                                                                    |
|            monitor guest execution                                           |
|     :mh=0                                                                    |
|            monitor host execution                                            |
|     :cpu=0                                                                   |
|            CPU to program                                                    |
|     :pinned=0                                                                |
|            pin event to counters                                             |
--------------------------------------------------------------------------------
| L2D_TLB_REFILL                                                               |
|            Attributable L2 data or unified TLB refills. Counts on any refill |
|            of the L2TLB caused by either an instruction or data access (MMU m|
|            ust be enabled)                                                   |
|     :u=0                                                                     |
|            monitor at user level                                             |
|     :k=0                                                                     |
|            monitor at kernel level                                           |
|     :h=0                                                                     |
|            monitor at hypervisor level                                       |
|     :period=0                                                                |
|            sampling period                                                   |
|     :freq=0                                                                  |
|            sampling frequency (Hz)                                           |
|     :excl=0                                                                  |
|            exclusive access                                                  |
|     :mg=0                                                                    |
|            monitor guest execution                                           |
|     :mh=0                                                                    |
|            monitor host execution                                            |
|     :cpu=0                                                                   |
|            CPU to program                                                    |
|     :pinned=0                                                                |
|            pin event to counters                                             |
--------------------------------------------------------------------------------
| L2_TLB_REQ                                                                   |
|            Attributable L2 TLB access This event counts on any access to the |
|            MMUTC (caused by a refill of any of the L1 TLBs). This event does |
|            not count if the MMU is disabled                                  |
|     :u=0                                                                     |
|            monitor at user level                                             |
|     :k=0                                                                     |
|            monitor at kernel level                                           |
|     :h=0                                                                     |
|            monitor at hypervisor level                                       |
|     :period=0                                                                |
|            sampling period                                                   |
|     :freq=0                                                                  |
|            sampling frequency (Hz)                                           |
|     :excl=0                                                                  |
|            exclusive access                                                  |
|     :mg=0                                                                    |
|            monitor guest execution                                           |
|     :mh=0                                                                    |
|            monitor host execution                                            |
|     :cpu=0                                                                   |
|            CPU to program                                                    |
|     :pinned=0                                                                |
|            pin event to counters                                             |
--------------------------------------------------------------------------------
| L2D_TLB                                                                      |
|            Attributable L2 TLB access This event counts on any access to the |
|            MMUTC (caused by a refill of any of the L1 TLBs). This event does |
|            not count if the MMU is disabled                                  |
|     :u=0                                                                     |
|            monitor at user level                                             |
|     :k=0                                                                     |
|            monitor at kernel level                                           |
|     :h=0                                                                     |
|            monitor at hypervisor level                                       |
|     :period=0                                                                |
|            sampling period                                                   |
|     :freq=0                                                                  |
|            sampling frequency (Hz)                                           |
|     :excl=0                                                                  |
|            exclusive access                                                  |
|     :mg=0                                                                    |
|            monitor guest execution                                           |
|     :mh=0                                                                    |
|            monitor host execution                                            |
|     :cpu=0                                                                   |
|            CPU to program                                                    |
|     :pinned=0                                                                |
|            pin event to counters                                             |
--------------------------------------------------------------------------------
| REMOTE_ACCESS                                                                |
|            Number of accesses to another socket                              |
|     :u=0                                                                     |
|            monitor at user level                                             |
|     :k=0                                                                     |
|            monitor at kernel level                                           |
|     :h=0                                                                     |
|            monitor at hypervisor level                                       |
|     :period=0                                                                |
|            sampling period                                                   |
|     :freq=0                                                                  |
|            sampling frequency (Hz)                                           |
|     :excl=0                                                                  |
|            exclusive access                                                  |
|     :mg=0                                                                    |
|            monitor guest execution                                           |
|     :mh=0                                                                    |
|            monitor host execution                                            |
|     :cpu=0                                                                   |
|            CPU to program                                                    |
|     :pinned=0                                                                |
|            pin event to counters                                             |
--------------------------------------------------------------------------------
| DTLB_WALK                                                                    |
|            Accesses to the data TLB that caused a page walk. Counts any data |
|            access which causes L2D_TLB_REFILL to count                       |
|     :u=0                                                                     |
|            monitor at user level                                             |
|     :k=0                                                                     |
|            monitor at kernel level                                           |
|     :h=0                                                                     |
|            monitor at hypervisor level                                       |
|     :period=0                                                                |
|            sampling period                                                   |
|     :freq=0                                                                  |
|            sampling frequency (Hz)                                           |
|     :excl=0                                                                  |
|            exclusive access                                                  |
|     :mg=0                                                                    |
|            monitor guest execution                                           |
|     :mh=0                                                                    |
|            monitor host execution                                            |
|     :cpu=0                                                                   |
|            CPU to program                                                    |
|     :pinned=0                                                                |
|            pin event to counters                                             |
--------------------------------------------------------------------------------
| ITLB_WALK                                                                    |
|            Accesses to the instruction TLB that caused a page walk. Counts an|
|            y instruction which causes L2D_TLB_REFILL to count                |
|     :u=0                                                                     |
|            monitor at user level                                             |
|     :k=0                                                                     |
|            monitor at kernel level                                           |
|     :h=0                                                                     |
|            monitor at hypervisor level                                       |
|     :period=0                                                                |
|            sampling period                                                   |
|     :freq=0                                                                  |
|            sampling frequency (Hz)                                           |
|     :excl=0                                                                  |
|            exclusive access                                                  |
|     :mg=0                                                                    |
|            monitor guest execution                                           |
|     :mh=0                                                                    |
|            monitor host execution                                            |
|     :cpu=0                                                                   |
|            CPU to program                                                    |
|     :pinned=0                                                                |
|            pin event to counters                                             |
--------------------------------------------------------------------------------
| LL_CACHE_RD                                                                  |
|            Last Level cache accesses for reads                               |
|     :u=0                                                                     |
|            monitor at user level                                             |
|     :k=0                                                                     |
|            monitor at kernel level                                           |
|     :h=0                                                                     |
|            monitor at hypervisor level                                       |
|     :period=0                                                                |
|            sampling period                                                   |
|     :freq=0                                                                  |
|            sampling frequency (Hz)                                           |
|     :excl=0                                                                  |
|            exclusive access                                                  |
|     :mg=0                                                                    |
|            monitor guest execution                                           |
|     :mh=0                                                                    |
|            monitor host execution                                            |
|     :cpu=0                                                                   |
|            CPU to program                                                    |
|     :pinned=0                                                                |
|            pin event to counters                                             |
--------------------------------------------------------------------------------
| LL_CACHE_MISS_RD                                                             |
|            Last Level cache misses for reads                                 |
|     :u=0                                                                     |
|            monitor at user level                                             |
|     :k=0                                                                     |
|            monitor at kernel level                                           |
|     :h=0                                                                     |
|            monitor at hypervisor level                                       |
|     :period=0                                                                |
|            sampling period                                                   |
|     :freq=0                                                                  |
|            sampling frequency (Hz)                                           |
|     :excl=0                                                                  |
|            exclusive access                                                  |
|     :mg=0                                                                    |
|            monitor guest execution                                           |
|     :mh=0                                                                    |
|            monitor host execution                                            |
|     :cpu=0                                                                   |
|            CPU to program                                                    |
|     :pinned=0                                                                |
|            pin event to counters                                             |
--------------------------------------------------------------------------------
| L1D_CACHE_LMISS_RD                                                           |
|            Counts the number Level 1 data cache long-latency misses          |
|     :u=0                                                                     |
|            monitor at user level                                             |
|     :k=0                                                                     |
|            monitor at kernel level                                           |
|     :h=0                                                                     |
|            monitor at hypervisor level                                       |
|     :period=0                                                                |
|            sampling period                                                   |
|     :freq=0                                                                  |
|            sampling frequency (Hz)                                           |
|     :excl=0                                                                  |
|            exclusive access                                                  |
|     :mg=0                                                                    |
|            monitor guest execution                                           |
|     :mh=0                                                                    |
|            monitor host execution                                            |
|     :cpu=0                                                                   |
|            CPU to program                                                    |
|     :pinned=0                                                                |
|            pin event to counters                                             |
--------------------------------------------------------------------------------
| OP_RETIRED                                                                   |
|            Counts the number of micro-ops architecturally executed           |
|     :u=0                                                                     |
|            monitor at user level                                             |
|     :k=0                                                                     |
|            monitor at kernel level                                           |
|     :h=0                                                                     |
|            monitor at hypervisor level                                       |
|     :period=0                                                                |
|            sampling period                                                   |
|     :freq=0                                                                  |
|            sampling frequency (Hz)                                           |
|     :excl=0                                                                  |
|            exclusive access                                                  |
|     :mg=0                                                                    |
|            monitor guest execution                                           |
|     :mh=0                                                                    |
|            monitor host execution                                            |
|     :cpu=0                                                                   |
|            CPU to program                                                    |
|     :pinned=0                                                                |
|            pin event to counters                                             |
--------------------------------------------------------------------------------
| OP_SPEC                                                                      |
|            Counts the number of speculatively executed micro-ops             |
|     :u=0                                                                     |
|            monitor at user level                                             |
|     :k=0                                                                     |
|            monitor at kernel level                                           |
|     :h=0                                                                     |
|            monitor at hypervisor level                                       |
|     :period=0                                                                |
|            sampling period                                                   |
|     :freq=0                                                                  |
|            sampling frequency (Hz)                                           |
|     :excl=0                                                                  |
|            exclusive access                                                  |
|     :mg=0                                                                    |
|            monitor guest execution                                           |
|     :mh=0                                                                    |
|            monitor host execution                                            |
|     :cpu=0                                                                   |
|            CPU to program                                                    |
|     :pinned=0                                                                |
|            pin event to counters                                             |
--------------------------------------------------------------------------------
| STALL                                                                        |
|            Counts cycles in which no operation is sent for execution         |
|     :u=0                                                                     |
|            monitor at user level                                             |
|     :k=0                                                                     |
|            monitor at kernel level                                           |
|     :h=0                                                                     |
|            monitor at hypervisor level                                       |
|     :period=0                                                                |
|            sampling period                                                   |
|     :freq=0                                                                  |
|            sampling frequency (Hz)                                           |
|     :excl=0                                                                  |
|            exclusive access                                                  |
|     :mg=0                                                                    |
|            monitor guest execution                                           |
|     :mh=0                                                                    |
|            monitor host execution                                            |
|     :cpu=0                                                                   |
|            CPU to program                                                    |
|     :pinned=0                                                                |
|            pin event to counters                                             |
--------------------------------------------------------------------------------
| STALL_SLOT_BACKEND                                                           |
|            No operation sent for execution on a slot due to the backend      |
|     :u=0                                                                     |
|            monitor at user level                                             |
|     :k=0                                                                     |
|            monitor at kernel level                                           |
|     :h=0                                                                     |
|            monitor at hypervisor level                                       |
|     :period=0                                                                |
|            sampling period                                                   |
|     :freq=0                                                                  |
|            sampling frequency (Hz)                                           |
|     :excl=0                                                                  |
|            exclusive access                                                  |
|     :mg=0                                                                    |
|            monitor guest execution                                           |
|     :mh=0                                                                    |
|            monitor host execution                                            |
|     :cpu=0                                                                   |
|            CPU to program                                                    |
|     :pinned=0                                                                |
|            pin event to counters                                             |
--------------------------------------------------------------------------------
| STALL_SLOT_FRONTEND                                                          |
|            No operation sent for execution on a slot due to the frontend     |
|     :u=0                                                                     |
|            monitor at user level                                             |
|     :k=0                                                                     |
|            monitor at kernel level                                           |
|     :h=0                                                                     |
|            monitor at hypervisor level                                       |
|     :period=0                                                                |
|            sampling period                                                   |
|     :freq=0                                                                  |
|            sampling frequency (Hz)                                           |
|     :excl=0                                                                  |
|            exclusive access                                                  |
|     :mg=0                                                                    |
|            monitor guest execution                                           |
|     :mh=0                                                                    |
|            monitor host execution                                            |
|     :cpu=0                                                                   |
|            CPU to program                                                    |
|     :pinned=0                                                                |
|            pin event to counters                                             |
--------------------------------------------------------------------------------
| STALL_SLOT                                                                   |
|            No operation sent for execution on a slot                         |
|     :u=0                                                                     |
|            monitor at user level                                             |
|     :k=0                                                                     |
|            monitor at kernel level                                           |
|     :h=0                                                                     |
|            monitor at hypervisor level                                       |
|     :period=0                                                                |
|            sampling period                                                   |
|     :freq=0                                                                  |
|            sampling frequency (Hz)                                           |
|     :excl=0                                                                  |
|            exclusive access                                                  |
|     :mg=0                                                                    |
|            monitor guest execution                                           |
|     :mh=0                                                                    |
|            monitor host execution                                            |
|     :cpu=0                                                                   |
|            CPU to program                                                    |
|     :pinned=0                                                                |
|            pin event to counters                                             |
--------------------------------------------------------------------------------
| L1D_CACHE_RD                                                                 |
|            Level 1 data cache read accesses                                  |
|     :u=0                                                                     |
|            monitor at user level                                             |
|     :k=0                                                                     |
|            monitor at kernel level                                           |
|     :h=0                                                                     |
|            monitor at hypervisor level                                       |
|     :period=0                                                                |
|            sampling period                                                   |
|     :freq=0                                                                  |
|            sampling frequency (Hz)                                           |
|     :excl=0                                                                  |
|            exclusive access                                                  |
|     :mg=0                                                                    |
|            monitor guest execution                                           |
|     :mh=0                                                                    |
|            monitor host execution                                            |
|     :cpu=0                                                                   |
|            CPU to program                                                    |
|     :pinned=0                                                                |
|            pin event to counters                                             |
--------------------------------------------------------------------------------
| L1D_CACHE_WR                                                                 |
|            Level 1 data cache write accesses                                 |
|     :u=0                                                                     |
|            monitor at user level                                             |
|     :k=0                                                                     |
|            monitor at kernel level                                           |
|     :h=0                                                                     |
|            monitor at hypervisor level                                       |
|     :period=0                                                                |
|            sampling period                                                   |
|     :freq=0                                                                  |
|            sampling frequency (Hz)                                           |
|     :excl=0                                                                  |
|            exclusive access                                                  |
|     :mg=0                                                                    |
|            monitor guest execution                                           |
|     :mh=0                                                                    |
|            monitor host execution                                            |
|     :cpu=0                                                                   |
|            CPU to program                                                    |
|     :pinned=0                                                                |
|            pin event to counters                                             |
--------------------------------------------------------------------------------
| L1D_CACHE_REFILL_RD                                                          |
|            Level 1 data cache read refills                                   |
|     :u=0                                                                     |
|            monitor at user level                                             |
|     :k=0                                                                     |
|            monitor at kernel level                                           |
|     :h=0                                                                     |
|            monitor at hypervisor level                                       |
|     :period=0                                                                |
|            sampling period                                                   |
|     :freq=0                                                                  |
|            sampling frequency (Hz)                                           |
|     :excl=0                                                                  |
|            exclusive access                                                  |
|     :mg=0                                                                    |
|            monitor guest execution                                           |
|     :mh=0                                                                    |
|            monitor host execution                                            |
|     :cpu=0                                                                   |
|            CPU to program                                                    |
|     :pinned=0                                                                |
|            pin event to counters                                             |
--------------------------------------------------------------------------------
| L1D_CACHE_REFILL_WR                                                          |
|            Level 1 data cache write refills                                  |
|     :u=0                                                                     |
|            monitor at user level                                             |
|     :k=0                                                                     |
|            monitor at kernel level                                           |
|     :h=0                                                                     |
|            monitor at hypervisor level                                       |
|     :period=0                                                                |
|            sampling period                                                   |
|     :freq=0                                                                  |
|            sampling frequency (Hz)                                           |
|     :excl=0                                                                  |
|            exclusive access                                                  |
|     :mg=0                                                                    |
|            monitor guest execution                                           |
|     :mh=0                                                                    |
|            monitor host execution                                            |
|     :cpu=0                                                                   |
|            CPU to program                                                    |
|     :pinned=0                                                                |
|            pin event to counters                                             |
--------------------------------------------------------------------------------
| L1D_CACHE_REFILL_INNER                                                       |
|            Level 1 data cache refills, inner. Counts any L1D cache line fill |
|            which hits in the L2, L3 or another core in the cluster           |
|     :u=0                                                                     |
|            monitor at user level                                             |
|     :k=0                                                                     |
|            monitor at kernel level                                           |
|     :h=0                                                                     |
|            monitor at hypervisor level                                       |
|     :period=0                                                                |
|            sampling period                                                   |
|     :freq=0                                                                  |
|            sampling frequency (Hz)                                           |
|     :excl=0                                                                  |
|            exclusive access                                                  |
|     :mg=0                                                                    |
|            monitor guest execution                                           |
|     :mh=0                                                                    |
|            monitor host execution                                            |
|     :cpu=0                                                                   |
|            CPU to program                                                    |
|     :pinned=0                                                                |
|            pin event to counters                                             |
--------------------------------------------------------------------------------
| L1D_CACHE_REFILL_OUTER                                                       |
|            Level 1 data cache refills, outer. Counts any L1D cache line fill |
|            which does not hit in the L2, L3 or another core in the cluster an|
|            d instead obtains data from outside the cluster                   |
|     :u=0                                                                     |
|            monitor at user level                                             |
|     :k=0                                                                     |
|            monitor at kernel level                                           |
|     :h=0                                                                     |
|            monitor at hypervisor level                                       |
|     :period=0                                                                |
|            sampling period                                                   |
|     :freq=0                                                                  |
|            sampling frequency (Hz)                                           |
|     :excl=0                                                                  |
|            exclusive access                                                  |
|     :mg=0                                                                    |
|            monitor guest execution                                           |
|     :mh=0                                                                    |
|            monitor host execution                                            |
|     :cpu=0                                                                   |
|            CPU to program                                                    |
|     :pinned=0                                                                |
|            pin event to counters                                             |
--------------------------------------------------------------------------------
| L1D_CACHE_WB_VICTIM                                                          |
|            Level 1 data cache write-backs (victim eviction)                  |
|     :u=0                                                                     |
|            monitor at user level                                             |
|     :k=0                                                                     |
|            monitor at kernel level                                           |
|     :h=0                                                                     |
|            monitor at hypervisor level                                       |
|     :period=0                                                                |
|            sampling period                                                   |
|     :freq=0                                                                  |
|            sampling frequency (Hz)                                           |
|     :excl=0                                                                  |
|            exclusive access                                                  |
|     :mg=0                                                                    |
|            monitor guest execution                                           |
|     :mh=0                                                                    |
|            monitor host execution                                            |
|     :cpu=0                                                                   |
|            CPU to program                                                    |
|     :pinned=0                                                                |
|            pin event to counters                                             |
--------------------------------------------------------------------------------
| L1D_CACHE_WB_CLEAN                                                           |
|            Level 1 data cache write-backs (clean and coherency eviction)     |
|     :u=0                                                                     |
|            monitor at user level                                             |
|     :k=0                                                                     |
|            monitor at kernel level                                           |
|     :h=0                                                                     |
|            monitor at hypervisor level                                       |
|     :period=0                                                                |
|            sampling period                                                   |
|     :freq=0                                                                  |
|            sampling frequency (Hz)                                           |
|     :excl=0                                                                  |
|            exclusive access                                                  |
|     :mg=0                                                                    |
|            monitor guest execution                                           |
|     :mh=0                                                                    |
|            monitor host execution                                            |
|     :cpu=0                                                                   |
|            CPU to program                                                    |
|     :pinned=0                                                                |
|            pin event to counters                                             |
--------------------------------------------------------------------------------
| L1D_CACHE_INVAL                                                              |
|            Level 1 data cache invalidations                                  |
|     :u=0                                                                     |
|            monitor at user level                                             |
|     :k=0                                                                     |
|            monitor at kernel level                                           |
|     :h=0                                                                     |
|            monitor at hypervisor level                                       |
|     :period=0                                                                |
|            sampling period                                                   |
|     :freq=0                                                                  |
|            sampling frequency (Hz)                                           |
|     :excl=0                                                                  |
|            exclusive access                                                  |
|     :mg=0                                                                    |
|            monitor guest execution                                           |
|     :mh=0                                                                    |
|            monitor host execution                                            |
|     :cpu=0                                                                   |
|            CPU to program                                                    |
|     :pinned=0                                                                |
|            pin event to counters                                             |
--------------------------------------------------------------------------------
| L1D_TLB_REFILL_RD                                                            |
|            Level 1 data TLB read refills                                     |
|     :u=0                                                                     |
|            monitor at user level                                             |
|     :k=0                                                                     |
|            monitor at kernel level                                           |
|     :h=0                                                                     |
|            monitor at hypervisor level                                       |
|     :period=0                                                                |
|            sampling period                                                   |
|     :freq=0                                                                  |
|            sampling frequency (Hz)                                           |
|     :excl=0                                                                  |
|            exclusive access                                                  |
|     :mg=0                                                                    |
|            monitor guest execution                                           |
|     :mh=0                                                                    |
|            monitor host execution                                            |
|     :cpu=0                                                                   |
|            CPU to program                                                    |
|     :pinned=0                                                                |
|            pin event to counters                                             |
--------------------------------------------------------------------------------
| L1D_TLB_REFILL_WR                                                            |
|            Level 1 data TLB write refills                                    |
|     :u=0                                                                     |
|            monitor at user level                                             |
|     :k=0                                                                     |
|            monitor at kernel level                                           |
|     :h=0                                                                     |
|            monitor at hypervisor level                                       |
|     :period=0                                                                |
|            sampling period                                                   |
|     :freq=0                                                                  |
|            sampling frequency (Hz)                                           |
|     :excl=0                                                                  |
|            exclusive access                                                  |
|     :mg=0                                                                    |
|            monitor guest execution                                           |
|     :mh=0                                                                    |
|            monitor host execution                                            |
|     :cpu=0                                                                   |
|            CPU to program                                                    |
|     :pinned=0                                                                |
|            pin event to counters                                             |
--------------------------------------------------------------------------------
| L1D_TLB_RD                                                                   |
|            Level 1 data TLB read accesses                                    |
|     :u=0                                                                     |
|            monitor at user level                                             |
|     :k=0                                                                     |
|            monitor at kernel level                                           |
|     :h=0                                                                     |
|            monitor at hypervisor level                                       |
|     :period=0                                                                |
|            sampling period                                                   |
|     :freq=0                                                                  |
|            sampling frequency (Hz)                                           |
|     :excl=0                                                                  |
|            exclusive access                                                  |
|     :mg=0                                                                    |
|            monitor guest execution                                           |
|     :mh=0                                                                    |
|            monitor host execution                                            |
|     :cpu=0                                                                   |
|            CPU to program                                                    |
|     :pinned=0                                                                |
|            pin event to counters                                             |
--------------------------------------------------------------------------------
| L1D_TLB_WR                                                                   |
|            Level 1 data TLB write accesses                                   |
|     :u=0                                                                     |
|            monitor at user level                                             |
|     :k=0                                                                     |
|            monitor at kernel level                                           |
|     :h=0                                                                     |
|            monitor at hypervisor level                                       |
|     :period=0                                                                |
|            sampling period                                                   |
|     :freq=0                                                                  |
|            sampling frequency (Hz)                                           |
|     :excl=0                                                                  |
|            exclusive access                                                  |
|     :mg=0                                                                    |
|            monitor guest execution                                           |
|     :mh=0                                                                    |
|            monitor host execution                                            |
|     :cpu=0                                                                   |
|            CPU to program                                                    |
|     :pinned=0                                                                |
|            pin event to counters                                             |
--------------------------------------------------------------------------------
| L2D_CACHE_RD                                                                 |
|            Level 2 data cache read accesses                                  |
|     :u=0                                                                     |
|            monitor at user level                                             |
|     :k=0                                                                     |
|            monitor at kernel level                                           |
|     :h=0                                                                     |
|            monitor at hypervisor level                                       |
|     :period=0                                                                |
|            sampling period                                                   |
|     :freq=0                                                                  |
|            sampling frequency (Hz)                                           |
|     :excl=0                                                                  |
|            exclusive access                                                  |
|     :mg=0                                                                    |
|            monitor guest execution                                           |
|     :mh=0                                                                    |
|            monitor host execution                                            |
|     :cpu=0                                                                   |
|            CPU to program                                                    |
|     :pinned=0                                                                |
|            pin event to counters                                             |
--------------------------------------------------------------------------------
| L2D_CACHE_WR                                                                 |
|            Level 2 data cache write accesses                                 |
|     :u=0                                                                     |
|            monitor at user level                                             |
|     :k=0                                                                     |
|            monitor at kernel level                                           |
|     :h=0                                                                     |
|            monitor at hypervisor level                                       |
|     :period=0                                                                |
|            sampling period                                                   |
|     :freq=0                                                                  |
|            sampling frequency (Hz)                                           |
|     :excl=0                                                                  |
|            exclusive access                                                  |
|     :mg=0                                                                    |
|            monitor guest execution                                           |
|     :mh=0                                                                    |
|            monitor host execution                                            |
|     :cpu=0                                                                   |
|            CPU to program                                                    |
|     :pinned=0                                                                |
|            pin event to counters                                             |
--------------------------------------------------------------------------------
| L2D_CACHE_REFILL_RD                                                          |
|            Level 2 data cache read refills                                   |
|     :u=0                                                                     |
|            monitor at user level                                             |
|     :k=0                                                                     |
|            monitor at kernel level                                           |
|     :h=0                                                                     |
|            monitor at hypervisor level                                       |
|     :period=0                                                                |
|            sampling period                                                   |
|     :freq=0                                                                  |
|            sampling frequency (Hz)                                           |
|     :excl=0                                                                  |
|            exclusive access                                                  |
|     :mg=0                                                                    |
|            monitor guest execution                                           |
|     :mh=0                                                                    |
|            monitor host execution                                            |
|     :cpu=0                                                                   |
|            CPU to program                                                    |
|     :pinned=0                                                                |
|            pin event to counters                                             |
--------------------------------------------------------------------------------
| L2D_CACHE_REFILL_WR                                                          |
|            Level 2 data cache write refills                                  |
|     :u=0                                                                     |
|            monitor at user level                                             |
|     :k=0                                                                     |
|            monitor at kernel level                                           |
|     :h=0                                                                     |
|            monitor at hypervisor level                                       |
|     :period=0                                                                |
|            sampling period                                                   |
|     :freq=0                                                                  |
|            sampling frequency (Hz)                                           |
|     :excl=0                                                                  |
|            exclusive access                                                  |
|     :mg=0                                                                    |
|            monitor guest execution                                           |
|     :mh=0                                                                    |
|            monitor host execution                                            |
|     :cpu=0                                                                   |
|            CPU to program                                                    |
|     :pinned=0                                                                |
|            pin event to counters                                             |
--------------------------------------------------------------------------------
| L2D_CACHE_WB_VICTIM                                                          |
|            Level 2 data cache victim write-backs                             |
|     :u=0                                                                     |
|            monitor at user level                                             |
|     :k=0                                                                     |
|            monitor at kernel level                                           |
|     :h=0                                                                     |
|            monitor at hypervisor level                                       |
|     :period=0                                                                |
|            sampling period                                                   |
|     :freq=0                                                                  |
|            sampling frequency (Hz)                                           |
|     :excl=0                                                                  |
|            exclusive access                                                  |
|     :mg=0                                                                    |
|            monitor guest execution                                           |
|     :mh=0                                                                    |
|            monitor host execution                                            |
|     :cpu=0                                                                   |
|            CPU to program                                                    |
|     :pinned=0                                                                |
|            pin event to counters                                             |
--------------------------------------------------------------------------------
| L2D_CACHE_WB_CLEAN                                                           |
|            Level 2 data cache cleaning and coherency write-backs             |
|     :u=0                                                                     |
|            monitor at user level                                             |
|     :k=0                                                                     |
|            monitor at kernel level                                           |
|     :h=0                                                                     |
|            monitor at hypervisor level                                       |
|     :period=0                                                                |
|            sampling period                                                   |
|     :freq=0                                                                  |
|            sampling frequency (Hz)                                           |
|     :excl=0                                                                  |
|            exclusive access                                                  |
|     :mg=0                                                                    |
|            monitor guest execution                                           |
|     :mh=0                                                                    |
|            monitor host execution                                            |
|     :cpu=0                                                                   |
|            CPU to program                                                    |
|     :pinned=0                                                                |
|            pin event to counters                                             |
--------------------------------------------------------------------------------
| L2D_CACHE_INVAL                                                              |
|            Level 2 data cache invalidations                                  |
|     :u=0                                                                     |
|            monitor at user level                                             |
|     :k=0                                                                     |
|            monitor at kernel level                                           |
|     :h=0                                                                     |
|            monitor at hypervisor level                                       |
|     :period=0                                                                |
|            sampling period                                                   |
|     :freq=0                                                                  |
|            sampling frequency (Hz)                                           |
|     :excl=0                                                                  |
|            exclusive access                                                  |
|     :mg=0                                                                    |
|            monitor guest execution                                           |
|     :mh=0                                                                    |
|            monitor host execution                                            |
|     :cpu=0                                                                   |
|            CPU to program                                                    |
|     :pinned=0                                                                |
|            pin event to counters                                             |
--------------------------------------------------------------------------------
| L2D_TLB_REFILL_RD                                                            |
|            Level 2 data TLB refills on read                                  |
|     :u=0                                                                     |
|            monitor at user level                                             |
|     :k=0                                                                     |
|            monitor at kernel level                                           |
|     :h=0                                                                     |
|            monitor at hypervisor level                                       |
|     :period=0                                                                |
|            sampling period                                                   |
|     :freq=0                                                                  |
|            sampling frequency (Hz)                                           |
|     :excl=0                                                                  |
|            exclusive access                                                  |
|     :mg=0                                                                    |
|            monitor guest execution                                           |
|     :mh=0                                                                    |
|            monitor host execution                                            |
|     :cpu=0                                                                   |
|            CPU to program                                                    |
|     :pinned=0                                                                |
|            pin event to counters                                             |
--------------------------------------------------------------------------------
| L2D_TLB_REFILL_WR                                                            |
|            Level 2 data TLB refills on write                                 |
|     :u=0                                                                     |
|            monitor at user level                                             |
|     :k=0                                                                     |
|            monitor at kernel level                                           |
|     :h=0                                                                     |
|            monitor at hypervisor level                                       |
|     :period=0                                                                |
|            sampling period                                                   |
|     :freq=0                                                                  |
|            sampling frequency (Hz)                                           |
|     :excl=0                                                                  |
|            exclusive access                                                  |
|     :mg=0                                                                    |
|            monitor guest execution                                           |
|     :mh=0                                                                    |
|            monitor host execution                                            |
|     :cpu=0                                                                   |
|            CPU to program                                                    |
|     :pinned=0                                                                |
|            pin event to counters                                             |
--------------------------------------------------------------------------------
| L2D_TLB_RD                                                                   |
|            Level 2 data TLB accesses on read                                 |
|     :u=0                                                                     |
|            monitor at user level                                             |
|     :k=0                                                                     |
|            monitor at kernel level                                           |
|     :h=0                                                                     |
|            monitor at hypervisor level                                       |
|     :period=0                                                                |
|            sampling period                                                   |
|     :freq=0                                                                  |
|            sampling frequency (Hz)                                           |
|     :excl=0                                                                  |
|            exclusive access                                                  |
|     :mg=0                                                                    |
|            monitor guest execution                                           |
|     :mh=0                                                                    |
|            monitor host execution                                            |
|     :cpu=0                                                                   |
|            CPU to program                                                    |
|     :pinned=0                                                                |
|            pin event to counters                                             |
--------------------------------------------------------------------------------
| L2D_TLB_WR                                                                   |
|            Level 2 data TLB accesses on write                                |
|     :u=0                                                                     |
|            monitor at user level                                             |
|     :k=0                                                                     |
|            monitor at kernel level                                           |
|     :h=0                                                                     |
|            monitor at hypervisor level                                       |
|     :period=0                                                                |
|            sampling period                                                   |
|     :freq=0                                                                  |
|            sampling frequency (Hz)                                           |
|     :excl=0                                                                  |
|            exclusive access                                                  |
|     :mg=0                                                                    |
|            monitor guest execution                                           |
|     :mh=0                                                                    |
|            monitor host execution                                            |
|     :cpu=0                                                                   |
|            CPU to program                                                    |
|     :pinned=0                                                                |
|            pin event to counters                                             |
--------------------------------------------------------------------------------
| BUS_ACCESS_RD                                                                |
|            Bus read accesses                                                 |
|     :u=0                                                                     |
|            monitor at user level                                             |
|     :k=0                                                                     |
|            monitor at kernel level                                           |
|     :h=0                                                                     |
|            monitor at hypervisor level                                       |
|     :period=0                                                                |
|            sampling period                                                   |
|     :freq=0                                                                  |
|            sampling frequency (Hz)                                           |
|     :excl=0                                                                  |
|            exclusive access                                                  |
|     :mg=0                                                                    |
|            monitor guest execution                                           |
|     :mh=0                                                                    |
|            monitor host execution                                            |
|     :cpu=0                                                                   |
|            CPU to program                                                    |
|     :pinned=0                                                                |
|            pin event to counters                                             |
--------------------------------------------------------------------------------
| BUS_ACCESS_WR                                                                |
|            Bus write accesses                                                |
|     :u=0                                                                     |
|            monitor at user level                                             |
|     :k=0                                                                     |
|            monitor at kernel level                                           |
|     :h=0                                                                     |
|            monitor at hypervisor level                                       |
|     :period=0                                                                |
|            sampling period                                                   |
|     :freq=0                                                                  |
|            sampling frequency (Hz)                                           |
|     :excl=0                                                                  |
|            exclusive access                                                  |
|     :mg=0                                                                    |
|            monitor guest execution                                           |
|     :mh=0                                                                    |
|            monitor host execution                                            |
|     :cpu=0                                                                   |
|            CPU to program                                                    |
|     :pinned=0                                                                |
|            pin event to counters                                             |
--------------------------------------------------------------------------------
| MEM_ACCESS_RD                                                                |
|            Data memory read accesses (includes SVE)                          |
|     :u=0                                                                     |
|            monitor at user level                                             |
|     :k=0                                                                     |
|            monitor at kernel level                                           |
|     :h=0                                                                     |
|            monitor at hypervisor level                                       |
|     :period=0                                                                |
|            sampling period                                                   |
|     :freq=0                                                                  |
|            sampling frequency (Hz)                                           |
|     :excl=0                                                                  |
|            exclusive access                                                  |
|     :mg=0                                                                    |
|            monitor guest execution                                           |
|     :mh=0                                                                    |
|            monitor host execution                                            |
|     :cpu=0                                                                   |
|            CPU to program                                                    |
|     :pinned=0                                                                |
|            pin event to counters                                             |
--------------------------------------------------------------------------------
| MEM_READ_ACCESS                                                              |
|            Data memory read accesses                                         |
|     :u=0                                                                     |
|            monitor at user level                                             |
|     :k=0                                                                     |
|            monitor at kernel level                                           |
|     :h=0                                                                     |
|            monitor at hypervisor level                                       |
|     :period=0                                                                |
|            sampling period                                                   |
|     :freq=0                                                                  |
|            sampling frequency (Hz)                                           |
|     :excl=0                                                                  |
|            exclusive access                                                  |
|     :mg=0                                                                    |
|            monitor guest execution                                           |
|     :mh=0                                                                    |
|            monitor host execution                                            |
|     :cpu=0                                                                   |
|            CPU to program                                                    |
|     :pinned=0                                                                |
|            pin event to counters                                             |
--------------------------------------------------------------------------------
| MEM_ACCESS_WR                                                                |
|            Data memory write accesses (includes SVE)                         |
|     :u=0                                                                     |
|            monitor at user level                                             |
|     :k=0                                                                     |
|            monitor at kernel level                                           |
|     :h=0                                                                     |
|            monitor at hypervisor level                                       |
|     :period=0                                                                |
|            sampling period                                                   |
|     :freq=0                                                                  |
|            sampling frequency (Hz)                                           |
|     :excl=0                                                                  |
|            exclusive access                                                  |
|     :mg=0                                                                    |
|            monitor guest execution                                           |
|     :mh=0                                                                    |
|            monitor host execution                                            |
|     :cpu=0                                                                   |
|            CPU to program                                                    |
|     :pinned=0                                                                |
|            pin event to counters                                             |
--------------------------------------------------------------------------------
| MEM_WRITE_ACCESS                                                             |
|            Data memory write accesses                                        |
|     :u=0                                                                     |
|            monitor at user level                                             |
|     :k=0                                                                     |
|            monitor at kernel level                                           |
|     :h=0                                                                     |
|            monitor at hypervisor level                                       |
|     :period=0                                                                |
|            sampling period                                                   |
|     :freq=0                                                                  |
|            sampling frequency (Hz)                                           |
|     :excl=0                                                                  |
|            exclusive access                                                  |
|     :mg=0                                                                    |
|            monitor guest execution                                           |
|     :mh=0                                                                    |
|            monitor host execution                                            |
|     :cpu=0                                                                   |
|            CPU to program                                                    |
|     :pinned=0                                                                |
|            pin event to counters                                             |
--------------------------------------------------------------------------------
| UNALIGNED_LD_SPEC                                                            |
|            Unaligned read accesses                                           |
|     :u=0                                                                     |
|            monitor at user level                                             |
|     :k=0                                                                     |
|            monitor at kernel level                                           |
|     :h=0                                                                     |
|            monitor at hypervisor level                                       |
|     :period=0                                                                |
|            sampling period                                                   |
|     :freq=0                                                                  |
|            sampling frequency (Hz)                                           |
|     :excl=0                                                                  |
|            exclusive access                                                  |
|     :mg=0                                                                    |
|            monitor guest execution                                           |
|     :mh=0                                                                    |
|            monitor host execution                                            |
|     :cpu=0                                                                   |
|            CPU to program                                                    |
|     :pinned=0                                                                |
|            pin event to counters                                             |
--------------------------------------------------------------------------------
| UNALIGNED_ST_SPEC                                                            |
|            Unaligned write accesses                                          |
|     :u=0                                                                     |
|            monitor at user level                                             |
|     :k=0                                                                     |
|            monitor at kernel level                                           |
|     :h=0                                                                     |
|            monitor at hypervisor level                                       |
|     :period=0                                                                |
|            sampling period                                                   |
|     :freq=0                                                                  |
|            sampling frequency (Hz)                                           |
|     :excl=0                                                                  |
|            exclusive access                                                  |
|     :mg=0                                                                    |
|            monitor guest execution                                           |
|     :mh=0                                                                    |
|            monitor host execution                                            |
|     :cpu=0                                                                   |
|            CPU to program                                                    |
|     :pinned=0                                                                |
|            pin event to counters                                             |
--------------------------------------------------------------------------------
| UNALIGNED_LDST_SPEC                                                          |
|            Unaligned accesses (includes speculatively executed SVE load and s|
|            tore operations that access at least one unaligned element address|
|            )                                                                 |
|     :u=0                                                                     |
|            monitor at user level                                             |
|     :k=0                                                                     |
|            monitor at kernel level                                           |
|     :h=0                                                                     |
|            monitor at hypervisor level                                       |
|     :period=0                                                                |
|            sampling period                                                   |
|     :freq=0                                                                  |
|            sampling frequency (Hz)                                           |
|     :excl=0                                                                  |
|            exclusive access                                                  |
|     :mg=0                                                                    |
|            monitor guest execution                                           |
|     :mh=0                                                                    |
|            monitor host execution                                            |
|     :cpu=0                                                                   |
|            CPU to program                                                    |
|     :pinned=0                                                                |
|            pin event to counters                                             |
--------------------------------------------------------------------------------
| UNALIGNED_LDST_ACCESS                                                        |
|            Unaligned accesses                                                |
|     :u=0                                                                     |
|            monitor at user level                                             |
|     :k=0                                                                     |
|            monitor at kernel level                                           |
|     :h=0                                                                     |
|            monitor at hypervisor level                                       |
|     :period=0                                                                |
|            sampling period                                                   |
|     :freq=0                                                                  |
|            sampling frequency (Hz)                                           |
|     :excl=0                                                                  |
|            exclusive access                                                  |
|     :mg=0                                                                    |
|            monitor guest execution                                           |
|     :mh=0                                                                    |
|            monitor host execution                                            |
|     :cpu=0                                                                   |
|            CPU to program                                                    |
|     :pinned=0                                                                |
|            pin event to counters                                             |
--------------------------------------------------------------------------------
| LDREX_SPEC                                                                   |
|            Exclusive operations speculatively executed - LDREX or LDX        |
|     :u=0                                                                     |
|            monitor at user level                                             |
|     :k=0                                                                     |
|            monitor at kernel level                                           |
|     :h=0                                                                     |
|            monitor at hypervisor level                                       |
|     :period=0                                                                |
|            sampling period                                                   |
|     :freq=0                                                                  |
|            sampling frequency (Hz)                                           |
|     :excl=0                                                                  |
|            exclusive access                                                  |
|     :mg=0                                                                    |
|            monitor guest execution                                           |
|     :mh=0                                                                    |
|            monitor host execution                                            |
|     :cpu=0                                                                   |
|            CPU to program                                                    |
|     :pinned=0                                                                |
|            pin event to counters                                             |
--------------------------------------------------------------------------------
| STREX_PASS_SPEC                                                              |
|            Exclusive operations speculative executed - STREX or STX pass     |
|     :u=0                                                                     |
|            monitor at user level                                             |
|     :k=0                                                                     |
|            monitor at kernel level                                           |
|     :h=0                                                                     |
|            monitor at hypervisor level                                       |
|     :period=0                                                                |
|            sampling period                                                   |
|     :freq=0                                                                  |
|            sampling frequency (Hz)                                           |
|     :excl=0                                                                  |
|            exclusive access                                                  |
|     :mg=0                                                                    |
|            monitor guest execution                                           |
|     :mh=0                                                                    |
|            monitor host execution                                            |
|     :cpu=0                                                                   |
|            CPU to program                                                    |
|     :pinned=0                                                                |
|            pin event to counters                                             |
--------------------------------------------------------------------------------
| STREX_FAIL_SPEC                                                              |
|            Exclusive operations speculative executed - STREX or STX fail     |
|     :u=0                                                                     |
|            monitor at user level                                             |
|     :k=0                                                                     |
|            monitor at kernel level                                           |
|     :h=0                                                                     |
|            monitor at hypervisor level                                       |
|     :period=0                                                                |
|            sampling period                                                   |
|     :freq=0                                                                  |
|            sampling frequency (Hz)                                           |
|     :excl=0                                                                  |
|            exclusive access                                                  |
|     :mg=0                                                                    |
|            monitor guest execution                                           |
|     :mh=0                                                                    |
|            monitor host execution                                            |
|     :cpu=0                                                                   |
|            CPU to program                                                    |
|     :pinned=0                                                                |
|            pin event to counters                                             |
--------------------------------------------------------------------------------
| STREX_SPEC                                                                   |
|            Exclusive operations speculatively executed - STREX or STX        |
|     :u=0                                                                     |
|            monitor at user level                                             |
|     :k=0                                                                     |
|            monitor at kernel level                                           |
|     :h=0                                                                     |
|            monitor at hypervisor level                                       |
|     :period=0                                                                |
|            sampling period                                                   |
|     :freq=0                                                                  |
|            sampling frequency (Hz)                                           |
|     :excl=0                                                                  |
|            exclusive access                                                  |
|     :mg=0                                                                    |
|            monitor guest execution                                           |
|     :mh=0                                                                    |
|            monitor host execution                                            |
|     :cpu=0                                                                   |
|            CPU to program                                                    |
|     :pinned=0                                                                |
|            pin event to counters                                             |
--------------------------------------------------------------------------------
| LD_SPEC                                                                      |
|            Load instructions speculatively executed                          |
|     :u=0                                                                     |
|            monitor at user level                                             |
|     :k=0                                                                     |
|            monitor at kernel level                                           |
|     :h=0                                                                     |
|            monitor at hypervisor level                                       |
|     :period=0                                                                |
|            sampling period                                                   |
|     :freq=0                                                                  |
|            sampling frequency (Hz)                                           |
|     :excl=0                                                                  |
|            exclusive access                                                  |
|     :mg=0                                                                    |
|            monitor guest execution                                           |
|     :mh=0                                                                    |
|            monitor host execution                                            |
|     :cpu=0                                                                   |
|            CPU to program                                                    |
|     :pinned=0                                                                |
|            pin event to counters                                             |
--------------------------------------------------------------------------------
| ST_SPEC                                                                      |
|            Store instructions speculatively executed                         |
|     :u=0                                                                     |
|            monitor at user level                                             |
|     :k=0                                                                     |
|            monitor at kernel level                                           |
|     :h=0                                                                     |
|            monitor at hypervisor level                                       |
|     :period=0                                                                |
|            sampling period                                                   |
|     :freq=0                                                                  |
|            sampling frequency (Hz)                                           |
|     :excl=0                                                                  |
|            exclusive access                                                  |
|     :mg=0                                                                    |
|            monitor guest execution                                           |
|     :mh=0                                                                    |
|            monitor host execution                                            |
|     :cpu=0                                                                   |
|            CPU to program                                                    |
|     :pinned=0                                                                |
|            pin event to counters                                             |
--------------------------------------------------------------------------------
| DP_SPEC                                                                      |
|            Integer data processing instructions speculatively executed       |
|     :u=0                                                                     |
|            monitor at user level                                             |
|     :k=0                                                                     |
|            monitor at kernel level                                           |
|     :h=0                                                                     |
|            monitor at hypervisor level                                       |
|     :period=0                                                                |
|            sampling period                                                   |
|     :freq=0                                                                  |
|            sampling frequency (Hz)                                           |
|     :excl=0                                                                  |
|            exclusive access                                                  |
|     :mg=0                                                                    |
|            monitor guest execution                                           |
|     :mh=0                                                                    |
|            monitor host execution                                            |
|     :cpu=0                                                                   |
|            CPU to program                                                    |
|     :pinned=0                                                                |
|            pin event to counters                                             |
--------------------------------------------------------------------------------
| ASE_SPEC                                                                     |
|            Advanced SIMD instructions speculatively executed                 |
|     :u=0                                                                     |
|            monitor at user level                                             |
|     :k=0                                                                     |
|            monitor at kernel level                                           |
|     :h=0                                                                     |
|            monitor at hypervisor level                                       |
|     :period=0                                                                |
|            sampling period                                                   |
|     :freq=0                                                                  |
|            sampling frequency (Hz)                                           |
|     :excl=0                                                                  |
|            exclusive access                                                  |
|     :mg=0                                                                    |
|            monitor guest execution                                           |
|     :mh=0                                                                    |
|            monitor host execution                                            |
|     :cpu=0                                                                   |
|            CPU to program                                                    |
|     :pinned=0                                                                |
|            pin event to counters                                             |
--------------------------------------------------------------------------------
| VFP_SPEC                                                                     |
|            Floating-point instructions speculatively executed                |
|     :u=0                                                                     |
|            monitor at user level                                             |
|     :k=0                                                                     |
|            monitor at kernel level                                           |
|     :h=0                                                                     |
|            monitor at hypervisor level                                       |
|     :period=0                                                                |
|            sampling period                                                   |
|     :freq=0                                                                  |
|            sampling frequency (Hz)                                           |
|     :excl=0                                                                  |
|            exclusive access                                                  |
|     :mg=0                                                                    |
|            monitor guest execution                                           |
|     :mh=0                                                                    |
|            monitor host execution                                            |
|     :cpu=0                                                                   |
|            CPU to program                                                    |
|     :pinned=0                                                                |
|            pin event to counters                                             |
--------------------------------------------------------------------------------
| PC_WRITE_SPEC                                                                |
|            Software change of the PC instruction speculatively executed      |
|     :u=0                                                                     |
|            monitor at user level                                             |
|     :k=0                                                                     |
|            monitor at kernel level                                           |
|     :h=0                                                                     |
|            monitor at hypervisor level                                       |
|     :period=0                                                                |
|            sampling period                                                   |
|     :freq=0                                                                  |
|            sampling frequency (Hz)                                           |
|     :excl=0                                                                  |
|            exclusive access                                                  |
|     :mg=0                                                                    |
|            monitor guest execution                                           |
|     :mh=0                                                                    |
|            monitor host execution                                            |
|     :cpu=0                                                                   |
|            CPU to program                                                    |
|     :pinned=0                                                                |
|            pin event to counters                                             |
--------------------------------------------------------------------------------
| CRYPTO_SPEC                                                                  |
|            Cryptographic instructions speculatively executed                 |
|     :u=0                                                                     |
|            monitor at user level                                             |
|     :k=0                                                                     |
|            monitor at kernel level                                           |
|     :h=0                                                                     |
|            monitor at hypervisor level                                       |
|     :period=0                                                                |
|            sampling period                                                   |
|     :freq=0                                                                  |
|            sampling frequency (Hz)                                           |
|     :excl=0                                                                  |
|            exclusive access                                                  |
|     :mg=0                                                                    |
|            monitor guest execution                                           |
|     :mh=0                                                                    |
|            monitor host execution                                            |
|     :cpu=0                                                                   |
|            CPU to program                                                    |
|     :pinned=0                                                                |
|            pin event to counters                                             |
--------------------------------------------------------------------------------
| BR_IMMED_SPEC                                                                |
|            Immediate branches speculatively executed                         |
|     :u=0                                                                     |
|            monitor at user level                                             |
|     :k=0                                                                     |
|            monitor at kernel level                                           |
|     :h=0                                                                     |
|            monitor at hypervisor level                                       |
|     :period=0                                                                |
|            sampling period                                                   |
|     :freq=0                                                                  |
|            sampling frequency (Hz)                                           |
|     :excl=0                                                                  |
|            exclusive access                                                  |
|     :mg=0                                                                    |
|            monitor guest execution                                           |
|     :mh=0                                                                    |
|            monitor host execution                                            |
|     :cpu=0                                                                   |
|            CPU to program                                                    |
|     :pinned=0                                                                |
|            pin event to counters                                             |
--------------------------------------------------------------------------------
| BR_RET_SPEC                                                                  |
|            Return branches speculatively executed                            |
|     :u=0                                                                     |
|            monitor at user level                                             |
|     :k=0                                                                     |
|            monitor at kernel level                                           |
|     :h=0                                                                     |
|            monitor at hypervisor level                                       |
|     :period=0                                                                |
|            sampling period                                                   |
|     :freq=0                                                                  |
|            sampling frequency (Hz)                                           |
|     :excl=0                                                                  |
|            exclusive access                                                  |
|     :mg=0                                                                    |
|            monitor guest execution                                           |
|     :mh=0                                                                    |
|            monitor host execution                                            |
|     :cpu=0                                                                   |
|            CPU to program                                                    |
|     :pinned=0                                                                |
|            pin event to counters                                             |
--------------------------------------------------------------------------------
| BR_RETURN_SPEC                                                               |
|            Return branches speculatively executed                            |
|     :u=0                                                                     |
|            monitor at user level                                             |
|     :k=0                                                                     |
|            monitor at kernel level                                           |
|     :h=0                                                                     |
|            monitor at hypervisor level                                       |
|     :period=0                                                                |
|            sampling period                                                   |
|     :freq=0                                                                  |
|            sampling frequency (Hz)                                           |
|     :excl=0                                                                  |
|            exclusive access                                                  |
|     :mg=0                                                                    |
|            monitor guest execution                                           |
|     :mh=0                                                                    |
|            monitor host execution                                            |
|     :cpu=0                                                                   |
|            CPU to program                                                    |
|     :pinned=0                                                                |
|            pin event to counters                                             |
--------------------------------------------------------------------------------
| BR_INDIRECT_SPEC                                                             |
|            Indirect branches speculatively executed                          |
|     :u=0                                                                     |
|            monitor at user level                                             |
|     :k=0                                                                     |
|            monitor at kernel level                                           |
|     :h=0                                                                     |
|            monitor at hypervisor level                                       |
|     :period=0                                                                |
|            sampling period                                                   |
|     :freq=0                                                                  |
|            sampling frequency (Hz)                                           |
|     :excl=0                                                                  |
|            exclusive access                                                  |
|     :mg=0                                                                    |
|            monitor guest execution                                           |
|     :mh=0                                                                    |
|            monitor host execution                                            |
|     :cpu=0                                                                   |
|            CPU to program                                                    |
|     :pinned=0                                                                |
|            pin event to counters                                             |
--------------------------------------------------------------------------------
| ISB_SPEC                                                                     |
|            ISB barriers speculatively executed                               |
|     :u=0                                                                     |
|            monitor at user level                                             |
|     :k=0                                                                     |
|            monitor at kernel level                                           |
|     :h=0                                                                     |
|            monitor at hypervisor level                                       |
|     :period=0                                                                |
|            sampling period                                                   |
|     :freq=0                                                                  |
|            sampling frequency (Hz)                                           |
|     :excl=0                                                                  |
|            exclusive access                                                  |
|     :mg=0                                                                    |
|            monitor guest execution                                           |
|     :mh=0                                                                    |
|            monitor host execution                                            |
|     :cpu=0                                                                   |
|            CPU to program                                                    |
|     :pinned=0                                                                |
|            pin event to counters                                             |
--------------------------------------------------------------------------------
| DSB_SPEC                                                                     |
|            DSB barriers speculatively executed                               |
|     :u=0                                                                     |
|            monitor at user level                                             |
|     :k=0                                                                     |
|            monitor at kernel level                                           |
|     :h=0                                                                     |
|            monitor at hypervisor level                                       |
|     :period=0                                                                |
|            sampling period                                                   |
|     :freq=0                                                                  |
|            sampling frequency (Hz)                                           |
|     :excl=0                                                                  |
|            exclusive access                                                  |
|     :mg=0                                                                    |
|            monitor guest execution                                           |
|     :mh=0                                                                    |
|            monitor host execution                                            |
|     :cpu=0                                                                   |
|            CPU to program                                                    |
|     :pinned=0                                                                |
|            pin event to counters                                             |
--------------------------------------------------------------------------------
| DMB_SPEC                                                                     |
|            DMB barriers speculatively executed                               |
|     :u=0                                                                     |
|            monitor at user level                                             |
|     :k=0                                                                     |
|            monitor at kernel level                                           |
|     :h=0                                                                     |
|            monitor at hypervisor level                                       |
|     :period=0                                                                |
|            sampling period                                                   |
|     :freq=0                                                                  |
|            sampling frequency (Hz)                                           |
|     :excl=0                                                                  |
|            exclusive access                                                  |
|     :mg=0                                                                    |
|            monitor guest execution                                           |
|     :mh=0                                                                    |
|            monitor host execution                                            |
|     :cpu=0                                                                   |
|            CPU to program                                                    |
|     :pinned=0                                                                |
|            pin event to counters                                             |
--------------------------------------------------------------------------------
| EXC_UNDEF                                                                    |
|            Undefined exceptions taken locally                                |
|     :u=0                                                                     |
|            monitor at user level                                             |
|     :k=0                                                                     |
|            monitor at kernel level                                           |
|     :h=0                                                                     |
|            monitor at hypervisor level                                       |
|     :period=0                                                                |
|            sampling period                                                   |
|     :freq=0                                                                  |
|            sampling frequency (Hz)                                           |
|     :excl=0                                                                  |
|            exclusive access                                                  |
|     :mg=0                                                                    |
|            monitor guest execution                                           |
|     :mh=0                                                                    |
|            monitor host execution                                            |
|     :cpu=0                                                                   |
|            CPU to program                                                    |
|     :pinned=0                                                                |
|            pin event to counters                                             |
--------------------------------------------------------------------------------
| EXC_SVC                                                                      |
|            Exceptions taken, supervisor call                                 |
|     :u=0                                                                     |
|            monitor at user level                                             |
|     :k=0                                                                     |
|            monitor at kernel level                                           |
|     :h=0                                                                     |
|            monitor at hypervisor level                                       |
|     :period=0                                                                |
|            sampling period                                                   |
|     :freq=0                                                                  |
|            sampling frequency (Hz)                                           |
|     :excl=0                                                                  |
|            exclusive access                                                  |
|     :mg=0                                                                    |
|            monitor guest execution                                           |
|     :mh=0                                                                    |
|            monitor host execution                                            |
|     :cpu=0                                                                   |
|            CPU to program                                                    |
|     :pinned=0                                                                |
|            pin event to counters                                             |
--------------------------------------------------------------------------------
| EXC_PABORT                                                                   |
|            Exceptions taken, instruction abort                               |
|     :u=0                                                                     |
|            monitor at user level                                             |
|     :k=0                                                                     |
|            monitor at kernel level                                           |
|     :h=0                                                                     |
|            monitor at hypervisor level                                       |
|     :period=0                                                                |
|            sampling period                                                   |
|     :freq=0                                                                  |
|            sampling frequency (Hz)                                           |
|     :excl=0                                                                  |
|            exclusive access                                                  |
|     :mg=0                                                                    |
|            monitor guest execution                                           |
|     :mh=0                                                                    |
|            monitor host execution                                            |
|     :cpu=0                                                                   |
|            CPU to program                                                    |
|     :pinned=0                                                                |
|            pin event to counters                                             |
--------------------------------------------------------------------------------
| EXC_DABORT                                                                   |
|            Exceptions taken locally, data abort or SError                    |
|     :u=0                                                                     |
|            monitor at user level                                             |
|     :k=0                                                                     |
|            monitor at kernel level                                           |
|     :h=0                                                                     |
|            monitor at hypervisor level                                       |
|     :period=0                                                                |
|            sampling period                                                   |
|     :freq=0                                                                  |
|            sampling frequency (Hz)                                           |
|     :excl=0                                                                  |
|            exclusive access                                                  |
|     :mg=0                                                                    |
|            monitor guest execution                                           |
|     :mh=0                                                                    |
|            monitor host execution                                            |
|     :cpu=0                                                                   |
|            CPU to program                                                    |
|     :pinned=0                                                                |
|            pin event to counters                                             |
--------------------------------------------------------------------------------
| EXC_IRQ                                                                      |
|            Exceptions taken locally, IRQ                                     |
|     :u=0                                                                     |
|            monitor at user level                                             |
|     :k=0                                                                     |
|            monitor at kernel level                                           |
|     :h=0                                                                     |
|            monitor at hypervisor level                                       |
|     :period=0                                                                |
|            sampling period                                                   |
|     :freq=0                                                                  |
|            sampling frequency (Hz)                                           |
|     :excl=0                                                                  |
|            exclusive access                                                  |
|     :mg=0                                                                    |
|            monitor guest execution                                           |
|     :mh=0                                                                    |
|            monitor host execution                                            |
|     :cpu=0                                                                   |
|            CPU to program                                                    |
|     :pinned=0                                                                |
|            pin event to counters                                             |
--------------------------------------------------------------------------------
| EXC_FIQ                                                                      |
|            Exceptions taken locally, FIQ                                     |
|     :u=0                                                                     |
|            monitor at user level                                             |
|     :k=0                                                                     |
|            monitor at kernel level                                           |
|     :h=0                                                                     |
|            monitor at hypervisor level                                       |
|     :period=0                                                                |
|            sampling period                                                   |
|     :freq=0                                                                  |
|            sampling frequency (Hz)                                           |
|     :excl=0                                                                  |
|            exclusive access                                                  |
|     :mg=0                                                                    |
|            monitor guest execution                                           |
|     :mh=0                                                                    |
|            monitor host execution                                            |
|     :cpu=0                                                                   |
|            CPU to program                                                    |
|     :pinned=0                                                                |
|            pin event to counters                                             |
--------------------------------------------------------------------------------
| EXC_SMC                                                                      |
|            Exceptions taken locally, secure monitor call                     |
|     :u=0                                                                     |
|            monitor at user level                                             |
|     :k=0                                                                     |
|            monitor at kernel level                                           |
|     :h=0                                                                     |
|            monitor at hypervisor level                                       |
|     :period=0                                                                |
|            sampling period                                                   |
|     :freq=0                                                                  |
|            sampling frequency (Hz)                                           |
|     :excl=0                                                                  |
|            exclusive access                                                  |
|     :mg=0                                                                    |
|            monitor guest execution                                           |
|     :mh=0                                                                    |
|            monitor host execution                                            |
|     :cpu=0                                                                   |
|            CPU to program                                                    |
|     :pinned=0                                                                |
|            pin event to counters                                             |
--------------------------------------------------------------------------------
| EXC_HVC                                                                      |
|            Exceptions taken, hypervisor call                                 |
|     :u=0                                                                     |
|            monitor at user level                                             |
|     :k=0                                                                     |
|            monitor at kernel level                                           |
|     :h=0                                                                     |
|            monitor at hypervisor level                                       |
|     :period=0                                                                |
|            sampling period                                                   |
|     :freq=0                                                                  |
|            sampling frequency (Hz)                                           |
|     :excl=0                                                                  |
|            exclusive access                                                  |
|     :mg=0                                                                    |
|            monitor guest execution                                           |
|     :mh=0                                                                    |
|            monitor host execution                                            |
|     :cpu=0                                                                   |
|            CPU to program                                                    |
|     :pinned=0                                                                |
|            pin event to counters                                             |
--------------------------------------------------------------------------------
| EXC_TRAP_PABORT                                                              |
|            Exceptions taken, instruction abort not taken locally             |
|     :u=0                                                                     |
|            monitor at user level                                             |
|     :k=0                                                                     |
|            monitor at kernel level                                           |
|     :h=0                                                                     |
|            monitor at hypervisor level                                       |
|     :period=0                                                                |
|            sampling period                                                   |
|     :freq=0                                                                  |
|            sampling frequency (Hz)                                           |
|     :excl=0                                                                  |
|            exclusive access                                                  |
|     :mg=0                                                                    |
|            monitor guest execution                                           |
|     :mh=0                                                                    |
|            monitor host execution                                            |
|     :cpu=0                                                                   |
|            CPU to program                                                    |
|     :pinned=0                                                                |
|            pin event to counters                                             |
--------------------------------------------------------------------------------
| EXC_TRAP_DABORT                                                              |
|            Exceptions taken, data abort or SError not taken locally          |
|     :u=0                                                                     |
|            monitor at user level                                             |
|     :k=0                                                                     |
|            monitor at kernel level                                           |
|     :h=0                                                                     |
|            monitor at hypervisor level                                       |
|     :period=0                                                                |
|            sampling period                                                   |
|     :freq=0                                                                  |
|            sampling frequency (Hz)                                           |
|     :excl=0                                                                  |
|            exclusive access                                                  |
|     :mg=0                                                                    |
|            monitor guest execution                                           |
|     :mh=0                                                                    |
|            monitor host execution                                            |
|     :cpu=0                                                                   |
|            CPU to program                                                    |
|     :pinned=0                                                                |
|            pin event to counters                                             |
--------------------------------------------------------------------------------
| EXC_TRAP_OTHER                                                               |
|            Exceptions taken, other traps not taken locally                   |
|     :u=0                                                                     |
|            monitor at user level                                             |
|     :k=0                                                                     |
|            monitor at kernel level                                           |
|     :h=0                                                                     |
|            monitor at hypervisor level                                       |
|     :period=0                                                                |
|            sampling period                                                   |
|     :freq=0                                                                  |
|            sampling frequency (Hz)                                           |
|     :excl=0                                                                  |
|            exclusive access                                                  |
|     :mg=0                                                                    |
|            monitor guest execution                                           |
|     :mh=0                                                                    |
|            monitor host execution                                            |
|     :cpu=0                                                                   |
|            CPU to program                                                    |
|     :pinned=0                                                                |
|            pin event to counters                                             |
--------------------------------------------------------------------------------
| EXC_TRAP_IRQ                                                                 |
|            Exceptions taken, irq not taken locally                           |
|     :u=0                                                                     |
|            monitor at user level                                             |
|     :k=0                                                                     |
|            monitor at kernel level                                           |
|     :h=0                                                                     |
|            monitor at hypervisor level                                       |
|     :period=0                                                                |
|            sampling period                                                   |
|     :freq=0                                                                  |
|            sampling frequency (Hz)                                           |
|     :excl=0                                                                  |
|            exclusive access                                                  |
|     :mg=0                                                                    |
|            monitor guest execution                                           |
|     :mh=0                                                                    |
|            monitor host execution                                            |
|     :cpu=0                                                                   |
|            CPU to program                                                    |
|     :pinned=0                                                                |
|            pin event to counters                                             |
--------------------------------------------------------------------------------
| EXC_TRAP_FIQ                                                                 |
|            Exceptions taken, fiq not taken locally                           |
|     :u=0                                                                     |
|            monitor at user level                                             |
|     :k=0                                                                     |
|            monitor at kernel level                                           |
|     :h=0                                                                     |
|            monitor at hypervisor level                                       |
|     :period=0                                                                |
|            sampling period                                                   |
|     :freq=0                                                                  |
|            sampling frequency (Hz)                                           |
|     :excl=0                                                                  |
|            exclusive access                                                  |
|     :mg=0                                                                    |
|            monitor guest execution                                           |
|     :mh=0                                                                    |
|            monitor host execution                                            |
|     :cpu=0                                                                   |
|            CPU to program                                                    |
|     :pinned=0                                                                |
|            pin event to counters                                             |
--------------------------------------------------------------------------------
| RC_LD_SPEC                                                                   |
|            Release consistency instructions speculatively executed (load-acqu|
|            ire)                                                              |
|     :u=0                                                                     |
|            monitor at user level                                             |
|     :k=0                                                                     |
|            monitor at kernel level                                           |
|     :h=0                                                                     |
|            monitor at hypervisor level                                       |
|     :period=0                                                                |
|            sampling period                                                   |
|     :freq=0                                                                  |
|            sampling frequency (Hz)                                           |
|     :excl=0                                                                  |
|            exclusive access                                                  |
|     :mg=0                                                                    |
|            monitor guest execution                                           |
|     :mh=0                                                                    |
|            monitor host execution                                            |
|     :cpu=0                                                                   |
|            CPU to program                                                    |
|     :pinned=0                                                                |
|            pin event to counters                                             |
--------------------------------------------------------------------------------
| RC_ST_SPEC                                                                   |
|            Release consistency instructions speculatively executed (store-rel|
|            ease)                                                             |
|     :u=0                                                                     |
|            monitor at user level                                             |
|     :k=0                                                                     |
|            monitor at kernel level                                           |
|     :h=0                                                                     |
|            monitor at hypervisor level                                       |
|     :period=0                                                                |
|            sampling period                                                   |
|     :freq=0                                                                  |
|            sampling frequency (Hz)                                           |
|     :excl=0                                                                  |
|            exclusive access                                                  |
|     :mg=0                                                                    |
|            monitor guest execution                                           |
|     :mh=0                                                                    |
|            monitor host execution                                            |
|     :cpu=0                                                                   |
|            CPU to program                                                    |
|     :pinned=0                                                                |
|            pin event to counters                                             |
--------------------------------------------------------------------------------
| L3_CACHE_RD                                                                  |
|            L3 cache read                                                     |
|     :u=0                                                                     |
|            monitor at user level                                             |
|     :k=0                                                                     |
|            monitor at kernel level                                           |
|     :h=0                                                                     |
|            monitor at hypervisor level                                       |
|     :period=0                                                                |
|            sampling period                                                   |
|     :freq=0                                                                  |
|            sampling frequency (Hz)                                           |
|     :excl=0                                                                  |
|            exclusive access                                                  |
|     :mg=0                                                                    |
|            monitor guest execution                                           |
|     :mh=0                                                                    |
|            monitor host execution                                            |
|     :cpu=0                                                                   |
|            CPU to program                                                    |
|     :pinned=0                                                                |
|            pin event to counters                                             |
--------------------------------------------------------------------------------
| SAMPLE_POP                                                                   |
|            Number of operations that might be sampled by SPE, whether or not |
|            the operation was sampled                                         |
|     :u=0                                                                     |
|            monitor at user level                                             |
|     :k=0                                                                     |
|            monitor at kernel level                                           |
|     :h=0                                                                     |
|            monitor at hypervisor level                                       |
|     :period=0                                                                |
|            sampling period                                                   |
|     :freq=0                                                                  |
|            sampling frequency (Hz)                                           |
|     :excl=0                                                                  |
|            exclusive access                                                  |
|     :mg=0                                                                    |
|            monitor guest execution                                           |
|     :mh=0                                                                    |
|            monitor host execution                                            |
|     :cpu=0                                                                   |
|            CPU to program                                                    |
|     :pinned=0                                                                |
|            pin event to counters                                             |
--------------------------------------------------------------------------------
| SAMPLE_FEED                                                                  |
|            Number of times the SPE sample interval counter reaches zero and i|
|            s reloaded                                                        |
|     :u=0                                                                     |
|            monitor at user level                                             |
|     :k=0                                                                     |
|            monitor at kernel level                                           |
|     :h=0                                                                     |
|            monitor at hypervisor level                                       |
|     :period=0                                                                |
|            sampling period                                                   |
|     :freq=0                                                                  |
|            sampling frequency (Hz)                                           |
|     :excl=0                                                                  |
|            exclusive access                                                  |
|     :mg=0                                                                    |
|            monitor guest execution                                           |
|     :mh=0                                                                    |
|            monitor host execution                                            |
|     :cpu=0                                                                   |
|            CPU to program                                                    |
|     :pinned=0                                                                |
|            pin event to counters                                             |
--------------------------------------------------------------------------------
| SAMPLE_FILTRATE                                                              |
|            Number of times SPE completed sample record passes the SPE filters|
|             and is written to the buffer                                     |
|     :u=0                                                                     |
|            monitor at user level                                             |
|     :k=0                                                                     |
|            monitor at kernel level                                           |
|     :h=0                                                                     |
|            monitor at hypervisor level                                       |
|     :period=0                                                                |
|            sampling period                                                   |
|     :freq=0                                                                  |
|            sampling frequency (Hz)                                           |
|     :excl=0                                                                  |
|            exclusive access                                                  |
|     :mg=0                                                                    |
|            monitor guest execution                                           |
|     :mh=0                                                                    |
|            monitor host execution                                            |
|     :cpu=0                                                                   |
|            CPU to program                                                    |
|     :pinned=0                                                                |
|            pin event to counters                                             |
--------------------------------------------------------------------------------
| SAMPLE_COLLISION                                                             |
|            Number of times SPE has a sample record taken when the previous sa|
|            mpled operation has not yet completed its record                  |
|     :u=0                                                                     |
|            monitor at user level                                             |
|     :k=0                                                                     |
|            monitor at kernel level                                           |
|     :h=0                                                                     |
|            monitor at hypervisor level                                       |
|     :period=0                                                                |
|            sampling period                                                   |
|     :freq=0                                                                  |
|            sampling frequency (Hz)                                           |
|     :excl=0                                                                  |
|            exclusive access                                                  |
|     :mg=0                                                                    |
|            monitor guest execution                                           |
|     :mh=0                                                                    |
|            monitor host execution                                            |
|     :cpu=0                                                                   |
|            CPU to program                                                    |
|     :pinned=0                                                                |
|            pin event to counters                                             |
--------------------------------------------------------------------------------
| CNT_CYCLES                                                                   |
|            Constant frequency cycles                                         |
|     :u=0                                                                     |
|            monitor at user level                                             |
|     :k=0                                                                     |
|            monitor at kernel level                                           |
|     :h=0                                                                     |
|            monitor at hypervisor level                                       |
|     :period=0                                                                |
|            sampling period                                                   |
|     :freq=0                                                                  |
|            sampling frequency (Hz)                                           |
|     :excl=0                                                                  |
|            exclusive access                                                  |
|     :mg=0                                                                    |
|            monitor guest execution                                           |
|     :mh=0                                                                    |
|            monitor host execution                                            |
|     :cpu=0                                                                   |
|            CPU to program                                                    |
|     :pinned=0                                                                |
|            pin event to counters                                             |
--------------------------------------------------------------------------------
| STALL_BACKEND_MEM                                                            |
|            No operation sent due to the backend and memory stalls            |
|     :u=0                                                                     |
|            monitor at user level                                             |
|     :k=0                                                                     |
|            monitor at kernel level                                           |
|     :h=0                                                                     |
|            monitor at hypervisor level                                       |
|     :period=0                                                                |
|            sampling period                                                   |
|     :freq=0                                                                  |
|            sampling frequency (Hz)                                           |
|     :excl=0                                                                  |
|            exclusive access                                                  |
|     :mg=0                                                                    |
|            monitor guest execution                                           |
|     :mh=0                                                                    |
|            monitor host execution                                            |
|     :cpu=0                                                                   |
|            CPU to program                                                    |
|     :pinned=0                                                                |
|            pin event to counters                                             |
--------------------------------------------------------------------------------
| L1I_CACHE_LMISS                                                              |
|            Counts L1 instruction cache long latency misses                   |
|     :u=0                                                                     |
|            monitor at user level                                             |
|     :k=0                                                                     |
|            monitor at kernel level                                           |
|     :h=0                                                                     |
|            monitor at hypervisor level                                       |
|     :period=0                                                                |
|            sampling period                                                   |
|     :freq=0                                                                  |
|            sampling frequency (Hz)                                           |
|     :excl=0                                                                  |
|            exclusive access                                                  |
|     :mg=0                                                                    |
|            monitor guest execution                                           |
|     :mh=0                                                                    |
|            monitor host execution                                            |
|     :cpu=0                                                                   |
|            CPU to program                                                    |
|     :pinned=0                                                                |
|            pin event to counters                                             |
--------------------------------------------------------------------------------
| L2D_CACHE_LMISS_RD                                                           |
|            Counts L2 cache long latency misses                               |
|     :u=0                                                                     |
|            monitor at user level                                             |
|     :k=0                                                                     |
|            monitor at kernel level                                           |
|     :h=0                                                                     |
|            monitor at hypervisor level                                       |
|     :period=0                                                                |
|            sampling period                                                   |
|     :freq=0                                                                  |
|            sampling frequency (Hz)                                           |
|     :excl=0                                                                  |
|            exclusive access                                                  |
|     :mg=0                                                                    |
|            monitor guest execution                                           |
|     :mh=0                                                                    |
|            monitor host execution                                            |
|     :cpu=0                                                                   |
|            CPU to program                                                    |
|     :pinned=0                                                                |
|            pin event to counters                                             |
--------------------------------------------------------------------------------
| TRB_WRAP                                                                     |
|            Trace buffer current write pointer wrapped                        |
|     :u=0                                                                     |
|            monitor at user level                                             |
|     :k=0                                                                     |
|            monitor at kernel level                                           |
|     :h=0                                                                     |
|            monitor at hypervisor level                                       |
|     :period=0                                                                |
|            sampling period                                                   |
|     :freq=0                                                                  |
|            sampling frequency (Hz)                                           |
|     :excl=0                                                                  |
|            exclusive access                                                  |
|     :mg=0                                                                    |
|            monitor guest execution                                           |
|     :mh=0                                                                    |
|            monitor host execution                                            |
|     :cpu=0                                                                   |
|            CPU to program                                                    |
|     :pinned=0                                                                |
|            pin event to counters                                             |
--------------------------------------------------------------------------------
| TRCEXTOUT0                                                                   |
|            PE Trace Unit external output 0 This event is not exported to the |
|            trace unit                                                        |
|     :u=0                                                                     |
|            monitor at user level                                             |
|     :k=0                                                                     |
|            monitor at kernel level                                           |
|     :h=0                                                                     |
|            monitor at hypervisor level                                       |
|     :period=0                                                                |
|            sampling period                                                   |
|     :freq=0                                                                  |
|            sampling frequency (Hz)                                           |
|     :excl=0                                                                  |
|            exclusive access                                                  |
|     :mg=0                                                                    |
|            monitor guest execution                                           |
|     :mh=0                                                                    |
|            monitor host execution                                            |
|     :cpu=0                                                                   |
|            CPU to program                                                    |
|     :pinned=0                                                                |
|            pin event to counters                                             |
--------------------------------------------------------------------------------
| TRCEXTOUT1                                                                   |
|            PE Trace Unit external output 1 This event is not exported to the |
|            trace unit                                                        |
|     :u=0                                                                     |
|            monitor at user level                                             |
|     :k=0                                                                     |
|            monitor at kernel level                                           |
|     :h=0                                                                     |
|            monitor at hypervisor level                                       |
|     :period=0                                                                |
|            sampling period                                                   |
|     :freq=0                                                                  |
|            sampling frequency (Hz)                                           |
|     :excl=0                                                                  |
|            exclusive access                                                  |
|     :mg=0                                                                    |
|            monitor guest execution                                           |
|     :mh=0                                                                    |
|            monitor host execution                                            |
|     :cpu=0                                                                   |
|            CPU to program                                                    |
|     :pinned=0                                                                |
|            pin event to counters                                             |
--------------------------------------------------------------------------------
| TRCEXTOUT2                                                                   |
|            PE Trace Unit external output 2 This event is not exported to the |
|            trace unit                                                        |
|     :u=0                                                                     |
|            monitor at user level                                             |
|     :k=0                                                                     |
|            monitor at kernel level                                           |
|     :h=0                                                                     |
|            monitor at hypervisor level                                       |
|     :period=0                                                                |
|            sampling period                                                   |
|     :freq=0                                                                  |
|            sampling frequency (Hz)                                           |
|     :excl=0                                                                  |
|            exclusive access                                                  |
|     :mg=0                                                                    |
|            monitor guest execution                                           |
|     :mh=0                                                                    |
|            monitor host execution                                            |
|     :cpu=0                                                                   |
|            CPU to program                                                    |
|     :pinned=0                                                                |
|            pin event to counters                                             |
--------------------------------------------------------------------------------
| TRCEXTOUT3                                                                   |
|            PE Trace Unit external output 3 This event is not exported to the |
|            trace unit                                                        |
|     :u=0                                                                     |
|            monitor at user level                                             |
|     :k=0                                                                     |
|            monitor at kernel level                                           |
|     :h=0                                                                     |
|            monitor at hypervisor level                                       |
|     :period=0                                                                |
|            sampling period                                                   |
|     :freq=0                                                                  |
|            sampling frequency (Hz)                                           |
|     :excl=0                                                                  |
|            exclusive access                                                  |
|     :mg=0                                                                    |
|            monitor guest execution                                           |
|     :mh=0                                                                    |
|            monitor host execution                                            |
|     :cpu=0                                                                   |
|            CPU to program                                                    |
|     :pinned=0                                                                |
|            pin event to counters                                             |
--------------------------------------------------------------------------------
| CTI_TRIGOUT4                                                                 |
|            Cross-trigger Interface output trigger 4                          |
|     :u=0                                                                     |
|            monitor at user level                                             |
|     :k=0                                                                     |
|            monitor at kernel level                                           |
|     :h=0                                                                     |
|            monitor at hypervisor level                                       |
|     :period=0                                                                |
|            sampling period                                                   |
|     :freq=0                                                                  |
|            sampling frequency (Hz)                                           |
|     :excl=0                                                                  |
|            exclusive access                                                  |
|     :mg=0                                                                    |
|            monitor guest execution                                           |
|     :mh=0                                                                    |
|            monitor host execution                                            |
|     :cpu=0                                                                   |
|            CPU to program                                                    |
|     :pinned=0                                                                |
|            pin event to counters                                             |
--------------------------------------------------------------------------------
| CTI_TRIGOUT5                                                                 |
|            Cross-trigger Interface output trigger 5                          |
|     :u=0                                                                     |
|            monitor at user level                                             |
|     :k=0                                                                     |
|            monitor at kernel level                                           |
|     :h=0                                                                     |
|            monitor at hypervisor level                                       |
|     :period=0                                                                |
|            sampling period                                                   |
|     :freq=0                                                                  |
|            sampling frequency (Hz)                                           |
|     :excl=0                                                                  |
|            exclusive access                                                  |
|     :mg=0                                                                    |
|            monitor guest execution                                           |
|     :mh=0                                                                    |
|            monitor host execution                                            |
|     :cpu=0                                                                   |
|            CPU to program                                                    |
|     :pinned=0                                                                |
|            pin event to counters                                             |
--------------------------------------------------------------------------------
| CTI_TRIGOUT6                                                                 |
|            Cross-trigger Interface output trigger 6                          |
|     :u=0                                                                     |
|            monitor at user level                                             |
|     :k=0                                                                     |
|            monitor at kernel level                                           |
|     :h=0                                                                     |
|            monitor at hypervisor level                                       |
|     :period=0                                                                |
|            sampling period                                                   |
|     :freq=0                                                                  |
|            sampling frequency (Hz)                                           |
|     :excl=0                                                                  |
|            exclusive access                                                  |
|     :mg=0                                                                    |
|            monitor guest execution                                           |
|     :mh=0                                                                    |
|            monitor host execution                                            |
|     :cpu=0                                                                   |
|            CPU to program                                                    |
|     :pinned=0                                                                |
|            pin event to counters                                             |
--------------------------------------------------------------------------------
| CTI_TRIGOUT7                                                                 |
|            Cross-trigger Interface output trigger 7                          |
|     :u=0                                                                     |
|            monitor at user level                                             |
|     :k=0                                                                     |
|            monitor at kernel level                                           |
|     :h=0                                                                     |
|            monitor at hypervisor level                                       |
|     :period=0                                                                |
|            sampling period                                                   |
|     :freq=0                                                                  |
|            sampling frequency (Hz)                                           |
|     :excl=0                                                                  |
|            exclusive access                                                  |
|     :mg=0                                                                    |
|            monitor guest execution                                           |
|     :mh=0                                                                    |
|            monitor host execution                                            |
|     :cpu=0                                                                   |
|            CPU to program                                                    |
|     :pinned=0                                                                |
|            pin event to counters                                             |
--------------------------------------------------------------------------------
| LDST_ALIGN_LAT                                                               |
|            Access with additional latency from alignment                     |
|     :u=0                                                                     |
|            monitor at user level                                             |
|     :k=0                                                                     |
|            monitor at kernel level                                           |
|     :h=0                                                                     |
|            monitor at hypervisor level                                       |
|     :period=0                                                                |
|            sampling period                                                   |
|     :freq=0                                                                  |
|            sampling frequency (Hz)                                           |
|     :excl=0                                                                  |
|            exclusive access                                                  |
|     :mg=0                                                                    |
|            monitor guest execution                                           |
|     :mh=0                                                                    |
|            monitor host execution                                            |
|     :cpu=0                                                                   |
|            CPU to program                                                    |
|     :pinned=0                                                                |
|            pin event to counters                                             |
--------------------------------------------------------------------------------
| LD_ALIGN_LAT                                                                 |
|            Load with additional latency from alignment                       |
|     :u=0                                                                     |
|            monitor at user level                                             |
|     :k=0                                                                     |
|            monitor at kernel level                                           |
|     :h=0                                                                     |
|            monitor at hypervisor level                                       |
|     :period=0                                                                |
|            sampling period                                                   |
|     :freq=0                                                                  |
|            sampling frequency (Hz)                                           |
|     :excl=0                                                                  |
|            exclusive access                                                  |
|     :mg=0                                                                    |
|            monitor guest execution                                           |
|     :mh=0                                                                    |
|            monitor host execution                                            |
|     :cpu=0                                                                   |
|            CPU to program                                                    |
|     :pinned=0                                                                |
|            pin event to counters                                             |
--------------------------------------------------------------------------------
| ST_ALIGN_LAT                                                                 |
|            Store with additional latency from alignment                      |
|     :u=0                                                                     |
|            monitor at user level                                             |
|     :k=0                                                                     |
|            monitor at kernel level                                           |
|     :h=0                                                                     |
|            monitor at hypervisor level                                       |
|     :period=0                                                                |
|            sampling period                                                   |
|     :freq=0                                                                  |
|            sampling frequency (Hz)                                           |
|     :excl=0                                                                  |
|            exclusive access                                                  |
|     :mg=0                                                                    |
|            monitor guest execution                                           |
|     :mh=0                                                                    |
|            monitor host execution                                            |
|     :cpu=0                                                                   |
|            CPU to program                                                    |
|     :pinned=0                                                                |
|            pin event to counters                                             |
--------------------------------------------------------------------------------
| MEM_ACCESS_CHECKED                                                           |
|            Checked data memory access                                        |
|     :u=0                                                                     |
|            monitor at user level                                             |
|     :k=0                                                                     |
|            monitor at kernel level                                           |
|     :h=0                                                                     |
|            monitor at hypervisor level                                       |
|     :period=0                                                                |
|            sampling period                                                   |
|     :freq=0                                                                  |
|            sampling frequency (Hz)                                           |
|     :excl=0                                                                  |
|            exclusive access                                                  |
|     :mg=0                                                                    |
|            monitor guest execution                                           |
|     :mh=0                                                                    |
|            monitor host execution                                            |
|     :cpu=0                                                                   |
|            CPU to program                                                    |
|     :pinned=0                                                                |
|            pin event to counters                                             |
--------------------------------------------------------------------------------
| MEM_ACCESS_RD_CHECKED                                                        |
|            Checked data memory access, read                                  |
|     :u=0                                                                     |
|            monitor at user level                                             |
|     :k=0                                                                     |
|            monitor at kernel level                                           |
|     :h=0                                                                     |
|            monitor at hypervisor level                                       |
|     :period=0                                                                |
|            sampling period                                                   |
|     :freq=0                                                                  |
|            sampling frequency (Hz)                                           |
|     :excl=0                                                                  |
|            exclusive access                                                  |
|     :mg=0                                                                    |
|            monitor guest execution                                           |
|     :mh=0                                                                    |
|            monitor host execution                                            |
|     :cpu=0                                                                   |
|            CPU to program                                                    |
|     :pinned=0                                                                |
|            pin event to counters                                             |
--------------------------------------------------------------------------------
| MEM_ACCESS_WR_CHECKED                                                        |
|            Checked data memory access, write                                 |
|     :u=0                                                                     |
|            monitor at user level                                             |
|     :k=0                                                                     |
|            monitor at kernel level                                           |
|     :h=0                                                                     |
|            monitor at hypervisor level                                       |
|     :period=0                                                                |
|            sampling period                                                   |
|     :freq=0                                                                  |
|            sampling frequency (Hz)                                           |
|     :excl=0                                                                  |
|            exclusive access                                                  |
|     :mg=0                                                                    |
|            monitor guest execution                                           |
|     :mh=0                                                                    |
|            monitor host execution                                            |
|     :cpu=0                                                                   |
|            CPU to program                                                    |
|     :pinned=0                                                                |
|            pin event to counters                                             |
--------------------------------------------------------------------------------
| ASE_INST_SPEC                                                                |
|            Advanced SIMD operations sepculatively executed                   |
|     :u=0                                                                     |
|            monitor at user level                                             |
|     :k=0                                                                     |
|            monitor at kernel level                                           |
|     :h=0                                                                     |
|            monitor at hypervisor level                                       |
|     :period=0                                                                |
|            sampling period                                                   |
|     :freq=0                                                                  |
|            sampling frequency (Hz)                                           |
|     :excl=0                                                                  |
|            exclusive access                                                  |
|     :mg=0                                                                    |
|            monitor guest execution                                           |
|     :mh=0                                                                    |
|            monitor host execution                                            |
|     :cpu=0                                                                   |
|            CPU to program                                                    |
|     :pinned=0                                                                |
|            pin event to counters                                             |
--------------------------------------------------------------------------------
| SVE_INST_SPEC                                                                |
|            SVE operations sepculatively executed                             |
|     :u=0                                                                     |
|            monitor at user level                                             |
|     :k=0                                                                     |
|            monitor at kernel level                                           |
|     :h=0                                                                     |
|            monitor at hypervisor level                                       |
|     :period=0                                                                |
|            sampling period                                                   |
|     :freq=0                                                                  |
|            sampling frequency (Hz)                                           |
|     :excl=0                                                                  |
|            exclusive access                                                  |
|     :mg=0                                                                    |
|            monitor guest execution                                           |
|     :mh=0                                                                    |
|            monitor host execution                                            |
|     :cpu=0                                                                   |
|            CPU to program                                                    |
|     :pinned=0                                                                |
|            pin event to counters                                             |
--------------------------------------------------------------------------------
| FP_HP_SPEC                                                                   |
|            Half-precision floating-point operation speculatively executed    |
|     :u=0                                                                     |
|            monitor at user level                                             |
|     :k=0                                                                     |
|            monitor at kernel level                                           |
|     :h=0                                                                     |
|            monitor at hypervisor level                                       |
|     :period=0                                                                |
|            sampling period                                                   |
|     :freq=0                                                                  |
|            sampling frequency (Hz)                                           |
|     :excl=0                                                                  |
|            exclusive access                                                  |
|     :mg=0                                                                    |
|            monitor guest execution                                           |
|     :mh=0                                                                    |
|            monitor host execution                                            |
|     :cpu=0                                                                   |
|            CPU to program                                                    |
|     :pinned=0                                                                |
|            pin event to counters                                             |
--------------------------------------------------------------------------------
| FP_SP_SPEC                                                                   |
|            Single-precision floating-point operation speculatively executed  |
|     :u=0                                                                     |
|            monitor at user level                                             |
|     :k=0                                                                     |
|            monitor at kernel level                                           |
|     :h=0                                                                     |
|            monitor at hypervisor level                                       |
|     :period=0                                                                |
|            sampling period                                                   |
|     :freq=0                                                                  |
|            sampling frequency (Hz)                                           |
|     :excl=0                                                                  |
|            exclusive access                                                  |
|     :mg=0                                                                    |
|            monitor guest execution                                           |
|     :mh=0                                                                    |
|            monitor host execution                                            |
|     :cpu=0                                                                   |
|            CPU to program                                                    |
|     :pinned=0                                                                |
|            pin event to counters                                             |
--------------------------------------------------------------------------------
| FP_DP_SPEC                                                                   |
|            Double-precision floating-point operation speculatively executed  |
|     :u=0                                                                     |
|            monitor at user level                                             |
|     :k=0                                                                     |
|            monitor at kernel level                                           |
|     :h=0                                                                     |
|            monitor at hypervisor level                                       |
|     :period=0                                                                |
|            sampling period                                                   |
|     :freq=0                                                                  |
|            sampling frequency (Hz)                                           |
|     :excl=0                                                                  |
|            exclusive access                                                  |
|     :mg=0                                                                    |
|            monitor guest execution                                           |
|     :mh=0                                                                    |
|            monitor host execution                                            |
|     :cpu=0                                                                   |
|            CPU to program                                                    |
|     :pinned=0                                                                |
|            pin event to counters                                             |
--------------------------------------------------------------------------------
| SVE_PRED_SPEC                                                                |
|            SVE predicated operations speculatively executed                  |
|     :u=0                                                                     |
|            monitor at user level                                             |
|     :k=0                                                                     |
|            monitor at kernel level                                           |
|     :h=0                                                                     |
|            monitor at hypervisor level                                       |
|     :period=0                                                                |
|            sampling period                                                   |
|     :freq=0                                                                  |
|            sampling frequency (Hz)                                           |
|     :excl=0                                                                  |
|            exclusive access                                                  |
|     :mg=0                                                                    |
|            monitor guest execution                                           |
|     :mh=0                                                                    |
|            monitor host execution                                            |
|     :cpu=0                                                                   |
|            CPU to program                                                    |
|     :pinned=0                                                                |
|            pin event to counters                                             |
--------------------------------------------------------------------------------
| SVE_PRED_EMPTY_SPEC                                                          |
|            SVE predicated operations with no active predicates speculatively |
|            executed                                                          |
|     :u=0                                                                     |
|            monitor at user level                                             |
|     :k=0                                                                     |
|            monitor at kernel level                                           |
|     :h=0                                                                     |
|            monitor at hypervisor level                                       |
|     :period=0                                                                |
|            sampling period                                                   |
|     :freq=0                                                                  |
|            sampling frequency (Hz)                                           |
|     :excl=0                                                                  |
|            exclusive access                                                  |
|     :mg=0                                                                    |
|            monitor guest execution                                           |
|     :mh=0                                                                    |
|            monitor host execution                                            |
|     :cpu=0                                                                   |
|            CPU to program                                                    |
|     :pinned=0                                                                |
|            pin event to counters                                             |
--------------------------------------------------------------------------------
| SVE_PRED_FULL_SPEC                                                           |
|            SVE predicated operations with all active predicates speculatively|
|             executed                                                         |
|     :u=0                                                                     |
|            monitor at user level                                             |
|     :k=0                                                                     |
|            monitor at kernel level                                           |
|     :h=0                                                                     |
|            monitor at hypervisor level                                       |
|     :period=0                                                                |
|            sampling period                                                   |
|     :freq=0                                                                  |
|            sampling frequency (Hz)                                           |
|     :excl=0                                                                  |
|            exclusive access                                                  |
|     :mg=0                                                                    |
|            monitor guest execution                                           |
|     :mh=0                                                                    |
|            monitor host execution                                            |
|     :cpu=0                                                                   |
|            CPU to program                                                    |
|     :pinned=0                                                                |
|            pin event to counters                                             |
--------------------------------------------------------------------------------
| SVE_PRED_PARTIAL_SPEC                                                        |
|            SVE predicated operations with partially active predicates specula|
|            tively executed                                                   |
|     :u=0                                                                     |
|            monitor at user level                                             |
|     :k=0                                                                     |
|            monitor at kernel level                                           |
|     :h=0                                                                     |
|            monitor at hypervisor level                                       |
|     :period=0                                                                |
|            sampling period                                                   |
|     :freq=0                                                                  |
|            sampling frequency (Hz)                                           |
|     :excl=0                                                                  |
|            exclusive access                                                  |
|     :mg=0                                                                    |
|            monitor guest execution                                           |
|     :mh=0                                                                    |
|            monitor host execution                                            |
|     :cpu=0                                                                   |
|            CPU to program                                                    |
|     :pinned=0                                                                |
|            pin event to counters                                             |
--------------------------------------------------------------------------------
| SVE_PRED_NOT_FULL_SPEC                                                       |
|            SVE predicated operations speculatively executed with a Governing |
|            predicate in which at least one element is FALSE                  |
|     :u=0                                                                     |
|            monitor at user level                                             |
|     :k=0                                                                     |
|            monitor at kernel level                                           |
|     :h=0                                                                     |
|            monitor at hypervisor level                                       |
|     :period=0                                                                |
|            sampling period                                                   |
|     :freq=0                                                                  |
|            sampling frequency (Hz)                                           |
|     :excl=0                                                                  |
|            exclusive access                                                  |
|     :mg=0                                                                    |
|            monitor guest execution                                           |
|     :mh=0                                                                    |
|            monitor host execution                                            |
|     :cpu=0                                                                   |
|            CPU to program                                                    |
|     :pinned=0                                                                |
|            pin event to counters                                             |
--------------------------------------------------------------------------------
| SVE_LDFF_SPEC                                                                |
|            SVE first-fault load operations speculatively executed            |
|     :u=0                                                                     |
|            monitor at user level                                             |
|     :k=0                                                                     |
|            monitor at kernel level                                           |
|     :h=0                                                                     |
|            monitor at hypervisor level                                       |
|     :period=0                                                                |
|            sampling period                                                   |
|     :freq=0                                                                  |
|            sampling frequency (Hz)                                           |
|     :excl=0                                                                  |
|            exclusive access                                                  |
|     :mg=0                                                                    |
|            monitor guest execution                                           |
|     :mh=0                                                                    |
|            monitor host execution                                            |
|     :cpu=0                                                                   |
|            CPU to program                                                    |
|     :pinned=0                                                                |
|            pin event to counters                                             |
--------------------------------------------------------------------------------
| SVE_LDFF_FAULT_SPEC                                                          |
|            SVE first-fault load operations speculatively executed which set F|
|            FR bit to 0                                                       |
|     :u=0                                                                     |
|            monitor at user level                                             |
|     :k=0                                                                     |
|            monitor at kernel level                                           |
|     :h=0                                                                     |
|            monitor at hypervisor level                                       |
|     :period=0                                                                |
|            sampling period                                                   |
|     :freq=0                                                                  |
|            sampling frequency (Hz)                                           |
|     :excl=0                                                                  |
|            exclusive access                                                  |
|     :mg=0                                                                    |
|            monitor guest execution                                           |
|     :mh=0                                                                    |
|            monitor host execution                                            |
|     :cpu=0                                                                   |
|            CPU to program                                                    |
|     :pinned=0                                                                |
|            pin event to counters                                             |
--------------------------------------------------------------------------------
| FP_SCALE_OPS_SPEC                                                            |
|            Scalable floating-point element operations speculatively executed |
|     :u=0                                                                     |
|            monitor at user level                                             |
|     :k=0                                                                     |
|            monitor at kernel level                                           |
|     :h=0                                                                     |
|            monitor at hypervisor level                                       |
|     :period=0                                                                |
|            sampling period                                                   |
|     :freq=0                                                                  |
|            sampling frequency (Hz)                                           |
|     :excl=0                                                                  |
|            exclusive access                                                  |
|     :mg=0                                                                    |
|            monitor guest execution                                           |
|     :mh=0                                                                    |
|            monitor host execution                                            |
|     :cpu=0                                                                   |
|            CPU to program                                                    |
|     :pinned=0                                                                |
|            pin event to counters                                             |
--------------------------------------------------------------------------------
| FP_FIXED_OPS_SPEC                                                            |
|            Non-scalable floating-point element operations speculatively execu|
|            ted                                                               |
|     :u=0                                                                     |
|            monitor at user level                                             |
|     :k=0                                                                     |
|            monitor at kernel level                                           |
|     :h=0                                                                     |
|            monitor at hypervisor level                                       |
|     :period=0                                                                |
|            sampling period                                                   |
|     :freq=0                                                                  |
|            sampling frequency (Hz)                                           |
|     :excl=0                                                                  |
|            exclusive access                                                  |
|     :mg=0                                                                    |
|            monitor guest execution                                           |
|     :mh=0                                                                    |
|            monitor host execution                                            |
|     :cpu=0                                                                   |
|            CPU to program                                                    |
|     :pinned=0                                                                |
|            pin event to counters                                             |
--------------------------------------------------------------------------------
| ASE_SVE_INT8_SPEC                                                            |
|            Operation counted by ASE_SVE_INT_SPEC where the largest type is 8-|
|            bit integer                                                       |
|     :u=0                                                                     |
|            monitor at user level                                             |
|     :k=0                                                                     |
|            monitor at kernel level                                           |
|     :h=0                                                                     |
|            monitor at hypervisor level                                       |
|     :period=0                                                                |
|            sampling period                                                   |
|     :freq=0                                                                  |
|            sampling frequency (Hz)                                           |
|     :excl=0                                                                  |
|            exclusive access                                                  |
|     :mg=0                                                                    |
|            monitor guest execution                                           |
|     :mh=0                                                                    |
|            monitor host execution                                            |
|     :cpu=0                                                                   |
|            CPU to program                                                    |
|     :pinned=0                                                                |
|            pin event to counters                                             |
--------------------------------------------------------------------------------
| ASE_SVE_INT16_SPEC                                                           |
|            Operation counted by ASE_SVE_INT_SPEC where the largest type is 16|
|            -bit integer                                                      |
|     :u=0                                                                     |
|            monitor at user level                                             |
|     :k=0                                                                     |
|            monitor at kernel level                                           |
|     :h=0                                                                     |
|            monitor at hypervisor level                                       |
|     :period=0                                                                |
|            sampling period                                                   |
|     :freq=0                                                                  |
|            sampling frequency (Hz)                                           |
|     :excl=0                                                                  |
|            exclusive access                                                  |
|     :mg=0                                                                    |
|            monitor guest execution                                           |
|     :mh=0                                                                    |
|            monitor host execution                                            |
|     :cpu=0                                                                   |
|            CPU to program                                                    |
|     :pinned=0                                                                |
|            pin event to counters                                             |
--------------------------------------------------------------------------------
| ASE_SVE_INT32_SPEC                                                           |
|            Operation counted by ASE_SVE_INT_SPEC where the largest type is 32|
|            -bit integer                                                      |
|     :u=0                                                                     |
|            monitor at user level                                             |
|     :k=0                                                                     |
|            monitor at kernel level                                           |
|     :h=0                                                                     |
|            monitor at hypervisor level                                       |
|     :period=0                                                                |
|            sampling period                                                   |
|     :freq=0                                                                  |
|            sampling frequency (Hz)                                           |
|     :excl=0                                                                  |
|            exclusive access                                                  |
|     :mg=0                                                                    |
|            monitor guest execution                                           |
|     :mh=0                                                                    |
|            monitor host execution                                            |
|     :cpu=0                                                                   |
|            CPU to program                                                    |
|     :pinned=0                                                                |
|            pin event to counters                                             |
--------------------------------------------------------------------------------
| ASE_SVE_INT64_SPEC                                                           |
|            Operation counted by ASE_SVE_INT_SPEC where the largest type is 64|
|            -bit integer                                                      |
|     :u=0                                                                     |
|            monitor at user level                                             |
|     :k=0                                                                     |
|            monitor at kernel level                                           |
|     :h=0                                                                     |
|            monitor at hypervisor level                                       |
|     :period=0                                                                |
|            sampling period                                                   |
|     :freq=0                                                                  |
|            sampling frequency (Hz)                                           |
|     :excl=0                                                                  |
|            exclusive access                                                  |
|     :mg=0                                                                    |
|            monitor guest execution                                           |
|     :mh=0                                                                    |
|            monitor host execution                                            |
|     :cpu=0                                                                   |
|            CPU to program                                                    |
|     :pinned=0                                                                |
|            pin event to counters                                             |
===============================================================================
 Native Events in Component: nvml
===============================================================================
| nvml:::NVIDIA_GH200_480GB:device_0:graphics_clock                            |
|            Graphics clock domain (MHz).                                      |
--------------------------------------------------------------------------------
| nvml:::NVIDIA_GH200_480GB:device_0:sm_clock                                  |
|            SM clock domain (MHz).                                            |
--------------------------------------------------------------------------------
| nvml:::NVIDIA_GH200_480GB:device_0:memory_clock                              |
|            Memory clock domain (MHz).                                        |
--------------------------------------------------------------------------------
| nvml:::NVIDIA_GH200_480GB:device_0:l1_single_ecc_errors                      |
|            L1 cache single bit ECC                                           |
--------------------------------------------------------------------------------
| nvml:::NVIDIA_GH200_480GB:device_0:l2_single_ecc_errors                      |
|            L2 cache single bit ECC                                           |
--------------------------------------------------------------------------------
| nvml:::NVIDIA_GH200_480GB:device_0:memory_single_ecc_errors                  |
|            Device memory single bit ECC                                      |
--------------------------------------------------------------------------------
| nvml:::NVIDIA_GH200_480GB:device_0:regfile_single_ecc_errors                 |
|            Register file single bit ECC                                      |
--------------------------------------------------------------------------------
| nvml:::NVIDIA_GH200_480GB:device_0:1l_double_ecc_errors                      |
|            L1 cache double bit ECC                                           |
--------------------------------------------------------------------------------
| nvml:::NVIDIA_GH200_480GB:device_0:l2_double_ecc_errors                      |
|            L2 cache double bit ECC                                           |
--------------------------------------------------------------------------------
| nvml:::NVIDIA_GH200_480GB:device_0:memory_double_ecc_errors                  |
|            Device memory double bit ECC                                      |
--------------------------------------------------------------------------------
| nvml:::NVIDIA_GH200_480GB:device_0:regfile_double_ecc_errors                 |
|            Register file double bit ECC                                      |
--------------------------------------------------------------------------------
| nvml:::NVIDIA_GH200_480GB:device_0:graphics_max_clock                        |
|            Maximal Graphics clock domain (MHz).                              |
--------------------------------------------------------------------------------
| nvml:::NVIDIA_GH200_480GB:device_0:sm_max_clock                              |
|            Maximal SM clock domain (MHz).                                    |
--------------------------------------------------------------------------------
| nvml:::NVIDIA_GH200_480GB:device_0:memory_max_clock                          |
|            Maximal Memory clock domain (MHz).                                |
--------------------------------------------------------------------------------
| nvml:::NVIDIA_GH200_480GB:device_0:total_memory                              |
|            Total installed FB memory (in bytes).                             |
--------------------------------------------------------------------------------
| nvml:::NVIDIA_GH200_480GB:device_0:unallocated_memory                        |
|            Uncallocated FB memory (in bytes).                                |
--------------------------------------------------------------------------------
| nvml:::NVIDIA_GH200_480GB:device_0:allocated_memory                          |
|            Allocated FB memory (in bytes). Note that the driver/GPU always se|
|            ts aside a small amount of memory for bookkeeping.                |
--------------------------------------------------------------------------------
| nvml:::NVIDIA_GH200_480GB:device_0:pstate                                    |
|            The performance state of the device.                              |
--------------------------------------------------------------------------------
| nvml:::NVIDIA_GH200_480GB:device_0:power                                     |
|            Power usage reading for the device, in miliwatts. This is the powe|
|            r draw (+/-5 watts) for the entire board: GPU, memory, etc.       |
|     Units: mW                                                                |
--------------------------------------------------------------------------------
| nvml:::NVIDIA_GH200_480GB:device_0:total_energy_consumption                  |
|            Total energy consumption of the GPU in millijoules since the drive|
|            r was last reloaded.                                              |
--------------------------------------------------------------------------------
| nvml:::NVIDIA_GH200_480GB:device_0:gpu_inst_power                            |
|            Instantaneous power usage for GPU.                                |
|     Units: mW                                                                |
--------------------------------------------------------------------------------
| nvml:::NVIDIA_GH200_480GB:device_0:gpu_memory_avg_power                      |
|            Average power usage for GPU Memory.                               |
|     Units: mW                                                                |
--------------------------------------------------------------------------------
| nvml:::NVIDIA_GH200_480GB:device_0:temperature                               |
|            Current temperature readings for the device, in degrees C.        |
--------------------------------------------------------------------------------
| nvml:::NVIDIA_GH200_480GB:device_0:total_ecc_errors                          |
|            Total single bit errors.                                          |
--------------------------------------------------------------------------------
| nvml:::NVIDIA_GH200_480GB:device_0:total_ecc_errors                          |
|            Total double bit errors.                                          |
--------------------------------------------------------------------------------
| nvml:::NVIDIA_GH200_480GB:device_0:gpu_utilization                           |
|            Percent of time over the past second during which one or more kern|
|            els was executing on the GPU.                                     |
--------------------------------------------------------------------------------
| nvml:::NVIDIA_GH200_480GB:device_0:memory_utilization                        |
|            Percent of time over the past second during which global (device) |
|            memory was being read or written.                                 |
--------------------------------------------------------------------------------
| nvml:::NVIDIA_GH200_480GB:device_0:power_management_limit                    |
|            Power draw upper bound limit (in mW) for the device. Writable (wit|
|            h appropriate privileges) on supported Kepler or later.           |
|     Units: mW                                                                |
--------------------------------------------------------------------------------
| nvml:::NVIDIA_GH200_480GB:device_0:power_management_limit_constraint_min     |
|            The minimum power management limit in milliwatts.                 |
|     Units: mW                                                                |
--------------------------------------------------------------------------------
| nvml:::NVIDIA_GH200_480GB:device_0:power_management_limit_constraint_max     |
|            The maximum power management limit in milliwatts.                 |
|     Units: mW                                                                |
--------------------------------------------------------------------------------

Total events reported: 273
